date,fips,state,county,score
12/22/2020,12001,FL,Alachua County,#DIV/0!
12/21/2020,12001,FL,Alachua County,76.15
12/20/2020,12001,FL,Alachua County,76.15
12/19/2020,12001,FL,Alachua County,76.15
12/18/2020,12001,FL,Alachua County,67.33
12/17/2020,12001,FL,Alachua County,67.33
12/16/2020,12001,FL,Alachua County,67.33
12/15/2020,12001,FL,Alachua County,67.33
12/14/2020,12001,FL,Alachua County,63
12/13/2020,12001,FL,Alachua County,62
12/12/2020,12001,FL,Alachua County,65
12/11/2020,12001,FL,Alachua County,63
12/10/2020,12001,FL,Alachua County,63
12/9/2020,12001,FL,Alachua County,63
12/8/2020,12001,FL,Alachua County,63
12/7/2020,12001,FL,Alachua County,63
12/6/2020,12001,FL,Alachua County,65
12/5/2020,12001,FL,Alachua County,65
12/4/2020,12001,FL,Alachua County,63
12/3/2020,12001,FL,Alachua County,63
12/2/2020,12001,FL,Alachua County,55
12/1/2020,12001,FL,Alachua County,55
11/30/2020,12001,FL,Alachua County,55
11/29/2020,12001,FL,Alachua County,67
11/28/2020,12001,FL,Alachua County,60
11/27/2020,12001,FL,Alachua County,48
11/26/2020,12001,FL,Alachua County,40
11/25/2020,12001,FL,Alachua County,48
11/24/2020,12001,FL,Alachua County,48
11/23/2020,12001,FL,Alachua County,48
11/22/2020,12001,FL,Alachua County,50
12/22/2020,12003,FL,Baker County,#DIV/0!
12/21/2020,12003,FL,Baker County,88.46
12/20/2020,12003,FL,Baker County,88.46
12/19/2020,12003,FL,Baker County,76.15
12/18/2020,12003,FL,Baker County,72.67
12/17/2020,12003,FL,Baker County,72.67
12/16/2020,12003,FL,Baker County,70
12/15/2020,12003,FL,Baker County,72.67
12/14/2020,12003,FL,Baker County,67
12/13/2020,12003,FL,Baker County,68.89
12/12/2020,12003,FL,Baker County,68.89
12/11/2020,12003,FL,Baker County,57
12/10/2020,12003,FL,Baker County,57
12/9/2020,12003,FL,Baker County,57
12/8/2020,12003,FL,Baker County,57
12/7/2020,12003,FL,Baker County,57
12/6/2020,12003,FL,Baker County,57.78
12/5/2020,12003,FL,Baker County,57.78
12/4/2020,12003,FL,Baker County,57
12/3/2020,12003,FL,Baker County,57
12/2/2020,12003,FL,Baker County,57
12/1/2020,12003,FL,Baker County,57
11/30/2020,12003,FL,Baker County,57
11/29/2020,12003,FL,Baker County,57.78
11/28/2020,12003,FL,Baker County,66.11
11/27/2020,12003,FL,Baker County,60.5
11/26/2020,12003,FL,Baker County,45
11/25/2020,12003,FL,Baker County,57
11/24/2020,12003,FL,Baker County,57
11/23/2020,12003,FL,Baker County,57
11/22/2020,12003,FL,Baker County,57.78
12/22/2020,12005,FL,Bay County,#DIV/0!
12/21/2020,12005,FL,Bay County,88.46
12/20/2020,12005,FL,Bay County,88.46
12/19/2020,12005,FL,Bay County,88.46
12/18/2020,12005,FL,Bay County,80.67
12/17/2020,12005,FL,Bay County,80.67
12/16/2020,12005,FL,Bay County,80.67
12/15/2020,12005,FL,Bay County,80.67
12/14/2020,12005,FL,Bay County,72.5
12/13/2020,12005,FL,Bay County,74.5
12/12/2020,12005,FL,Bay County,75
12/11/2020,12005,FL,Bay County,65
12/10/2020,12005,FL,Bay County,65
12/9/2020,12005,FL,Bay County,82.5
12/8/2020,12005,FL,Bay County,73
12/7/2020,12005,FL,Bay County,82.5
12/6/2020,12005,FL,Bay County,82.5
12/5/2020,12005,FL,Bay County,82.5
12/4/2020,12005,FL,Bay County,72.5
12/3/2020,12005,FL,Bay County,72.5
12/2/2020,12005,FL,Bay County,74.5
12/1/2020,12005,FL,Bay County,64.5
11/30/2020,12005,FL,Bay County,66.5
11/29/2020,12005,FL,Bay County,66.5
11/28/2020,12005,FL,Bay County,67
11/27/2020,12005,FL,Bay County,63
11/26/2020,12005,FL,Bay County,63
11/25/2020,12005,FL,Bay County,67
11/24/2020,12005,FL,Bay County,65
11/23/2020,12005,FL,Bay County,65
11/22/2020,12005,FL,Bay County,67
12/22/2020,12007,FL,Bradford County,#DIV/0!
12/21/2020,12007,FL,Bradford County,#DIV/0!
12/20/2020,12007,FL,Bradford County,88.46
12/19/2020,12007,FL,Bradford County,88.46
12/18/2020,12007,FL,Bradford County,80.67
12/17/2020,12007,FL,Bradford County,83.33
12/16/2020,12007,FL,Bradford County,80.67
12/15/2020,12007,FL,Bradford County,83.33
12/14/2020,12007,FL,Bradford County,80.5
12/13/2020,12007,FL,Bradford County,77.22
12/12/2020,12007,FL,Bradford County,77.22
12/11/2020,12007,FL,Bradford County,72.5
12/10/2020,12007,FL,Bradford County,74.5
12/9/2020,12007,FL,Bradford County,72.5
12/8/2020,12007,FL,Bradford County,74.5
12/7/2020,12007,FL,Bradford County,67
12/6/2020,12007,FL,Bradford County,68.89
12/5/2020,12007,FL,Bradford County,77.22
12/4/2020,12007,FL,Bradford County,64.5
12/3/2020,12007,FL,Bradford County,67
12/2/2020,12007,FL,Bradford County,59
12/1/2020,12007,FL,Bradford County,59
11/30/2020,12007,FL,Bradford County,49
11/29/2020,12007,FL,Bradford County,48.89
11/28/2020,12007,FL,Bradford County,48.89
11/27/2020,12007,FL,Bradford County,45
11/26/2020,12007,FL,Bradford County,45
11/25/2020,12007,FL,Bradford County,57
11/24/2020,12007,FL,Bradford County,57
11/23/2020,12007,FL,Bradford County,55
11/22/2020,12007,FL,Bradford County,57.78
12/22/2020,12009,FL,Brevard County,#DIV/0!
12/21/2020,12009,FL,Brevard County,76.15
12/20/2020,12009,FL,Brevard County,76.15
12/19/2020,12009,FL,Brevard County,76.15
12/18/2020,12009,FL,Brevard County,70
12/17/2020,12009,FL,Brevard County,70
12/16/2020,12009,FL,Brevard County,70
12/15/2020,12009,FL,Brevard County,70
12/14/2020,12009,FL,Brevard County,65
12/13/2020,12009,FL,Brevard County,62
12/12/2020,12009,FL,Brevard County,67
12/11/2020,12009,FL,Brevard County,65
12/10/2020,12009,FL,Brevard County,57
12/9/2020,12009,FL,Brevard County,65
12/8/2020,12009,FL,Brevard County,65
12/7/2020,12009,FL,Brevard County,63
12/6/2020,12009,FL,Brevard County,67
12/5/2020,12009,FL,Brevard County,67
12/4/2020,12009,FL,Brevard County,65
12/3/2020,12009,FL,Brevard County,65
12/2/2020,12009,FL,Brevard County,55
12/1/2020,12009,FL,Brevard County,57
11/30/2020,12009,FL,Brevard County,57
11/29/2020,12009,FL,Brevard County,59
11/28/2020,12009,FL,Brevard County,52
11/27/2020,12009,FL,Brevard County,50
11/26/2020,12009,FL,Brevard County,50
11/25/2020,12009,FL,Brevard County,52
11/24/2020,12009,FL,Brevard County,52
11/23/2020,12009,FL,Brevard County,52
11/22/2020,12009,FL,Brevard County,52
12/22/2020,12011,FL,Broward County,#DIV/0!
12/21/2020,12011,FL,Broward County,88.46
12/20/2020,12011,FL,Broward County,88.46
12/19/2020,12011,FL,Broward County,88.46
12/18/2020,12011,FL,Broward County,67.33
12/17/2020,12011,FL,Broward County,67.33
12/16/2020,12011,FL,Broward County,67.33
12/15/2020,12011,FL,Broward County,67.33
12/14/2020,12011,FL,Broward County,63
12/13/2020,12011,FL,Broward County,65
12/12/2020,12011,FL,Broward County,65
12/11/2020,12011,FL,Broward County,71
12/10/2020,12011,FL,Broward County,71
12/9/2020,12011,FL,Broward County,71
12/8/2020,12011,FL,Broward County,71
12/7/2020,12011,FL,Broward County,71
12/6/2020,12011,FL,Broward County,73
12/5/2020,12011,FL,Broward County,73
12/4/2020,12011,FL,Broward County,63
12/3/2020,12011,FL,Broward County,63
12/2/2020,12011,FL,Broward County,63
12/1/2020,12011,FL,Broward County,63
11/30/2020,12011,FL,Broward County,63
11/29/2020,12011,FL,Broward County,65
11/28/2020,12011,FL,Broward County,63
11/27/2020,12011,FL,Broward County,51.67
11/26/2020,12011,FL,Broward County,63
11/25/2020,12011,FL,Broward County,63
11/24/2020,12011,FL,Broward County,63
11/23/2020,12011,FL,Broward County,63
11/22/2020,12011,FL,Broward County,65
12/22/2020,12013,FL,Calhoun County,#DIV/0!
12/21/2020,12013,FL,Calhoun County,69.23
12/20/2020,12013,FL,Calhoun County,71.15
12/19/2020,12013,FL,Calhoun County,71.15
12/18/2020,12013,FL,Calhoun County,71.15
12/17/2020,12013,FL,Calhoun County,71.15
12/16/2020,12013,FL,Calhoun County,71.15
12/15/2020,12013,FL,Calhoun County,71.15
12/14/2020,12013,FL,Calhoun County,66.67
12/13/2020,12013,FL,Calhoun County,75
12/12/2020,12013,FL,Calhoun County,75
12/11/2020,12013,FL,Calhoun County,75
12/10/2020,12013,FL,Calhoun County,75
12/9/2020,12013,FL,Calhoun County,80.56
12/8/2020,12013,FL,Calhoun County,80.56
12/7/2020,12013,FL,Calhoun County,80.56
12/6/2020,12013,FL,Calhoun County,77.78
12/5/2020,12013,FL,Calhoun County,75
12/4/2020,12013,FL,Calhoun County,66.11
12/3/2020,12013,FL,Calhoun County,66.11
12/2/2020,12013,FL,Calhoun County,57.78
12/1/2020,12013,FL,Calhoun County,57.78
11/30/2020,12013,FL,Calhoun County,57.78
11/29/2020,12013,FL,Calhoun County,57.78
11/28/2020,12013,FL,Calhoun County,57.78
11/27/2020,12013,FL,Calhoun County,57.78
11/26/2020,12013,FL,Calhoun County,57.78
11/25/2020,12013,FL,Calhoun County,56.39
11/24/2020,12013,FL,Calhoun County,56.39
11/23/2020,12013,FL,Calhoun County,56.39
11/22/2020,12013,FL,Calhoun County,56.39
12/22/2020,12015,FL,Charlotte County,#DIV/0!
12/21/2020,12015,FL,Charlotte County,76.15
12/20/2020,12015,FL,Charlotte County,76.15
12/19/2020,12015,FL,Charlotte County,76.15
12/18/2020,12015,FL,Charlotte County,72.67
12/17/2020,12015,FL,Charlotte County,72.67
12/16/2020,12015,FL,Charlotte County,72.67
12/15/2020,12015,FL,Charlotte County,64.29
12/14/2020,12015,FL,Charlotte County,67
12/13/2020,12015,FL,Charlotte County,67
12/12/2020,12015,FL,Charlotte County,67
12/11/2020,12015,FL,Charlotte County,67
12/10/2020,12015,FL,Charlotte County,67
12/9/2020,12015,FL,Charlotte County,67
12/8/2020,12015,FL,Charlotte County,67
12/7/2020,12015,FL,Charlotte County,67
12/6/2020,12015,FL,Charlotte County,67
12/5/2020,12015,FL,Charlotte County,67
12/4/2020,12015,FL,Charlotte County,67
12/3/2020,12015,FL,Charlotte County,67
12/2/2020,12015,FL,Charlotte County,67
12/1/2020,12015,FL,Charlotte County,67
11/30/2020,12015,FL,Charlotte County,67
11/29/2020,12015,FL,Charlotte County,67
11/28/2020,12015,FL,Charlotte County,67
11/27/2020,12015,FL,Charlotte County,63
11/26/2020,12015,FL,Charlotte County,55
11/25/2020,12015,FL,Charlotte County,67
11/24/2020,12015,FL,Charlotte County,67
11/23/2020,12015,FL,Charlotte County,67
11/22/2020,12015,FL,Charlotte County,67
12/22/2020,12017,FL,Citrus County,#DIV/0!
12/21/2020,12017,FL,Citrus County,76.15
12/20/2020,12017,FL,Citrus County,76.15
12/19/2020,12017,FL,Citrus County,76.15
12/18/2020,12017,FL,Citrus County,70
12/17/2020,12017,FL,Citrus County,72.67
12/16/2020,12017,FL,Citrus County,70
12/15/2020,12017,FL,Citrus County,72.67
12/14/2020,12017,FL,Citrus County,67
12/13/2020,12017,FL,Citrus County,67
12/12/2020,12017,FL,Citrus County,67
12/11/2020,12017,FL,Citrus County,65
12/10/2020,12017,FL,Citrus County,67
12/9/2020,12017,FL,Citrus County,72.5
12/8/2020,12017,FL,Citrus County,74.5
12/7/2020,12017,FL,Citrus County,67
12/6/2020,12017,FL,Citrus County,67
12/5/2020,12017,FL,Citrus County,67
12/4/2020,12017,FL,Citrus County,65
12/3/2020,12017,FL,Citrus County,67
12/2/2020,12017,FL,Citrus County,65
12/1/2020,12017,FL,Citrus County,67
11/30/2020,12017,FL,Citrus County,67
11/29/2020,12017,FL,Citrus County,67
11/28/2020,12017,FL,Citrus County,67
11/27/2020,12017,FL,Citrus County,63
11/26/2020,12017,FL,Citrus County,63
11/25/2020,12017,FL,Citrus County,67
11/24/2020,12017,FL,Citrus County,67
11/23/2020,12017,FL,Citrus County,67
11/22/2020,12017,FL,Citrus County,67
12/22/2020,12019,FL,Clay County,#DIV/0!
12/21/2020,12019,FL,Clay County,88.46
12/20/2020,12019,FL,Clay County,76.15
12/19/2020,12019,FL,Clay County,76.15
12/18/2020,12019,FL,Clay County,70
12/17/2020,12019,FL,Clay County,70
12/16/2020,12019,FL,Clay County,67.33
12/15/2020,12019,FL,Clay County,70
12/14/2020,12019,FL,Clay County,65
12/13/2020,12019,FL,Clay County,67
12/12/2020,12019,FL,Clay County,67
12/11/2020,12019,FL,Clay County,65
12/10/2020,12019,FL,Clay County,65
12/9/2020,12019,FL,Clay County,65
12/8/2020,12019,FL,Clay County,65
12/7/2020,12019,FL,Clay County,65
12/6/2020,12019,FL,Clay County,67
12/5/2020,12019,FL,Clay County,67
12/4/2020,12019,FL,Clay County,65
12/3/2020,12019,FL,Clay County,72.5
12/2/2020,12019,FL,Clay County,72.5
12/1/2020,12019,FL,Clay County,72.5
11/30/2020,12019,FL,Clay County,65
11/29/2020,12019,FL,Clay County,67
11/28/2020,12019,FL,Clay County,65
11/27/2020,12019,FL,Clay County,63
11/26/2020,12019,FL,Clay County,63
11/25/2020,12019,FL,Clay County,65
11/24/2020,12019,FL,Clay County,63
11/23/2020,12019,FL,Clay County,65
11/22/2020,12019,FL,Clay County,67
12/22/2020,12021,FL,Collier County,#DIV/0!
12/21/2020,12021,FL,Collier County,58.85
12/20/2020,12021,FL,Collier County,58.85
12/19/2020,12021,FL,Collier County,58.85
12/18/2020,12021,FL,Collier County,56.67
12/17/2020,12021,FL,Collier County,59.33
12/16/2020,12021,FL,Collier County,59.33
12/15/2020,12021,FL,Collier County,59.33
12/14/2020,12021,FL,Collier County,57
12/13/2020,12021,FL,Collier County,57
12/12/2020,12021,FL,Collier County,57
12/11/2020,12021,FL,Collier County,57
12/10/2020,12021,FL,Collier County,57
12/9/2020,12021,FL,Collier County,57
12/8/2020,12021,FL,Collier County,55
12/7/2020,12021,FL,Collier County,67
12/6/2020,12021,FL,Collier County,67
12/5/2020,12021,FL,Collier County,67
12/4/2020,12021,FL,Collier County,67
12/3/2020,12021,FL,Collier County,67
12/2/2020,12021,FL,Collier County,65
12/1/2020,12021,FL,Collier County,67
11/30/2020,12021,FL,Collier County,67
11/29/2020,12021,FL,Collier County,67
11/28/2020,12021,FL,Collier County,67
11/27/2020,12021,FL,Collier County,63
11/26/2020,12021,FL,Collier County,63
11/25/2020,12021,FL,Collier County,67
11/24/2020,12021,FL,Collier County,67
11/23/2020,12021,FL,Collier County,67
11/22/2020,12021,FL,Collier County,67
12/22/2020,12023,FL,Columbia County,#DIV/0!
12/21/2020,12023,FL,Columbia County,88.46
12/20/2020,12023,FL,Columbia County,88.46
12/19/2020,12023,FL,Columbia County,88.46
12/18/2020,12023,FL,Columbia County,80.67
12/17/2020,12023,FL,Columbia County,80.67
12/16/2020,12023,FL,Columbia County,70
12/15/2020,12023,FL,Columbia County,70
12/14/2020,12023,FL,Columbia County,74.5
12/13/2020,12023,FL,Columbia County,74.5
12/12/2020,12023,FL,Columbia County,67
12/11/2020,12023,FL,Columbia County,65
12/10/2020,12023,FL,Columbia County,67
12/9/2020,12023,FL,Columbia County,65
12/8/2020,12023,FL,Columbia County,67
12/7/2020,12023,FL,Columbia County,67
12/6/2020,12023,FL,Columbia County,67
12/5/2020,12023,FL,Columbia County,67
12/4/2020,12023,FL,Columbia County,67
12/3/2020,12023,FL,Columbia County,67
12/2/2020,12023,FL,Columbia County,65
12/1/2020,12023,FL,Columbia County,67
11/30/2020,12023,FL,Columbia County,67
11/29/2020,12023,FL,Columbia County,67
11/28/2020,12023,FL,Columbia County,67
11/27/2020,12023,FL,Columbia County,63
11/26/2020,12023,FL,Columbia County,55
11/25/2020,12023,FL,Columbia County,67
11/24/2020,12023,FL,Columbia County,59
11/23/2020,12023,FL,Columbia County,59
11/22/2020,12023,FL,Columbia County,59
12/21/2020,12027,FL,DeSoto County,60.77
12/20/2020,12027,FL,DeSoto County,60.77
12/19/2020,12027,FL,DeSoto County,60.77
12/18/2020,12027,FL,DeSoto County,59.33
12/17/2020,12027,FL,DeSoto County,59.33
12/16/2020,12027,FL,DeSoto County,59.33
12/15/2020,12027,FL,DeSoto County,59.33
12/14/2020,12027,FL,DeSoto County,57
12/13/2020,12027,FL,DeSoto County,56.39
12/12/2020,12027,FL,DeSoto County,56.39
12/11/2020,12027,FL,DeSoto County,55.75
12/10/2020,12027,FL,DeSoto County,55.75
12/9/2020,12027,FL,DeSoto County,55.75
12/8/2020,12027,FL,DeSoto County,63.25
12/7/2020,12027,FL,DeSoto County,55.75
12/6/2020,12027,FL,DeSoto County,56.39
12/5/2020,12027,FL,DeSoto County,56.39
12/4/2020,12027,FL,DeSoto County,63.25
12/3/2020,12027,FL,DeSoto County,71.25
12/2/2020,12027,FL,DeSoto County,63.25
12/1/2020,12027,FL,DeSoto County,71.25
11/30/2020,12027,FL,DeSoto County,71.25
11/29/2020,12027,FL,DeSoto County,73.61
11/28/2020,12027,FL,DeSoto County,73.61
11/27/2020,12027,FL,DeSoto County,68.5
11/26/2020,12027,FL,DeSoto County,68.5
11/25/2020,12027,FL,DeSoto County,72.5
11/24/2020,12027,FL,DeSoto County,82.5
11/23/2020,12027,FL,DeSoto County,85
11/22/2020,12027,FL,DeSoto County,91.67
12/21/2020,12029,FL,Dixie County,76.15
12/20/2020,12029,FL,Dixie County,76.15
12/19/2020,12029,FL,Dixie County,76.15
12/18/2020,12029,FL,Dixie County,76.15
12/17/2020,12029,FL,Dixie County,76.15
12/16/2020,12029,FL,Dixie County,63.85
12/15/2020,12029,FL,Dixie County,63.85
12/14/2020,12029,FL,Dixie County,60
12/13/2020,12029,FL,Dixie County,60
12/12/2020,12029,FL,Dixie County,60
12/11/2020,12029,FL,Dixie County,60
12/10/2020,12029,FL,Dixie County,60
12/9/2020,12029,FL,Dixie County,60
12/8/2020,12029,FL,Dixie County,60
12/7/2020,12029,FL,Dixie County,60
12/6/2020,12029,FL,Dixie County,60
12/5/2020,12029,FL,Dixie County,60
12/4/2020,12029,FL,Dixie County,48.89
12/3/2020,12029,FL,Dixie County,48.89
12/2/2020,12029,FL,Dixie County,48.89
12/1/2020,12029,FL,Dixie County,40
11/30/2020,12029,FL,Dixie County,40
11/29/2020,12029,FL,Dixie County,40
11/28/2020,12029,FL,Dixie County,34.44
11/27/2020,12029,FL,Dixie County,48.89
11/26/2020,12029,FL,Dixie County,48.89
11/25/2020,12029,FL,Dixie County,48.89
11/24/2020,12029,FL,Dixie County,48.89
11/23/2020,12029,FL,Dixie County,48.89
11/22/2020,12029,FL,Dixie County,48.89
12/22/2020,12031,FL,Duval County,#DIV/0!
12/21/2020,12031,FL,Duval County,88.46
12/20/2020,12031,FL,Duval County,88.46
12/19/2020,12031,FL,Duval County,88.46
12/18/2020,12031,FL,Duval County,78
12/17/2020,12031,FL,Duval County,78
12/16/2020,12031,FL,Duval County,78
12/15/2020,12031,FL,Duval County,67.33
12/14/2020,12031,FL,Duval County,63
12/13/2020,12031,FL,Duval County,67
12/12/2020,12031,FL,Duval County,67
12/11/2020,12031,FL,Duval County,63
12/10/2020,12031,FL,Duval County,63
12/9/2020,12031,FL,Duval County,63
12/8/2020,12031,FL,Duval County,71
12/7/2020,12031,FL,Duval County,71
12/6/2020,12031,FL,Duval County,75
12/5/2020,12031,FL,Duval County,75
12/4/2020,12031,FL,Duval County,63
12/3/2020,12031,FL,Duval County,71
12/2/2020,12031,FL,Duval County,63
12/1/2020,12031,FL,Duval County,63
11/30/2020,12031,FL,Duval County,63
11/29/2020,12031,FL,Duval County,67
11/28/2020,12031,FL,Duval County,65
11/27/2020,12031,FL,Duval County,63
11/26/2020,12031,FL,Duval County,63
11/25/2020,12031,FL,Duval County,63
11/24/2020,12031,FL,Duval County,65
11/23/2020,12031,FL,Duval County,65
11/22/2020,12031,FL,Duval County,67
12/22/2020,12033,FL,Escambia County,#DIV/0!
12/21/2020,12033,FL,Escambia County,88.46
12/20/2020,12033,FL,Escambia County,88.46
12/19/2020,12033,FL,Escambia County,88.46
12/18/2020,12033,FL,Escambia County,80.67
12/17/2020,12033,FL,Escambia County,80.67
12/16/2020,12033,FL,Escambia County,80.67
12/15/2020,12033,FL,Escambia County,80.67
12/14/2020,12033,FL,Escambia County,80.5
12/13/2020,12033,FL,Escambia County,82.5
12/12/2020,12033,FL,Escambia County,74.5
12/11/2020,12033,FL,Escambia County,65
12/10/2020,12033,FL,Escambia County,65
12/9/2020,12033,FL,Escambia County,65
12/8/2020,12033,FL,Escambia County,65
12/7/2020,12033,FL,Escambia County,65
12/6/2020,12033,FL,Escambia County,67
12/5/2020,12033,FL,Escambia County,67
12/4/2020,12033,FL,Escambia County,65
12/3/2020,12033,FL,Escambia County,65
12/2/2020,12033,FL,Escambia County,65
12/1/2020,12033,FL,Escambia County,65
11/30/2020,12033,FL,Escambia County,65
11/29/2020,12033,FL,Escambia County,65
11/28/2020,12033,FL,Escambia County,65
11/27/2020,12033,FL,Escambia County,63
11/26/2020,12033,FL,Escambia County,63
11/25/2020,12033,FL,Escambia County,65
11/24/2020,12033,FL,Escambia County,65
11/23/2020,12033,FL,Escambia County,65
11/22/2020,12033,FL,Escambia County,67
12/22/2020,12035,FL,Flagler County,#DIV/0!
12/21/2020,12035,FL,Flagler County,76.15
12/20/2020,12035,FL,Flagler County,76.15
12/19/2020,12035,FL,Flagler County,76.15
12/18/2020,12035,FL,Flagler County,70
12/17/2020,12035,FL,Flagler County,70
12/16/2020,12035,FL,Flagler County,59.33
12/15/2020,12035,FL,Flagler County,59.33
12/14/2020,12035,FL,Flagler County,59
12/13/2020,12035,FL,Flagler County,59
12/12/2020,12035,FL,Flagler County,59
12/11/2020,12035,FL,Flagler County,57
12/10/2020,12035,FL,Flagler County,57
12/9/2020,12035,FL,Flagler County,57
12/8/2020,12035,FL,Flagler County,57
12/7/2020,12035,FL,Flagler County,57
12/6/2020,12035,FL,Flagler County,59
12/5/2020,12035,FL,Flagler County,59
12/4/2020,12035,FL,Flagler County,57
12/3/2020,12035,FL,Flagler County,57
12/2/2020,12035,FL,Flagler County,57
12/1/2020,12035,FL,Flagler County,57
11/30/2020,12035,FL,Flagler County,57
11/29/2020,12035,FL,Flagler County,59
11/28/2020,12035,FL,Flagler County,57
11/27/2020,12035,FL,Flagler County,55
11/26/2020,12035,FL,Flagler County,55
11/25/2020,12035,FL,Flagler County,57
11/24/2020,12035,FL,Flagler County,52
11/23/2020,12035,FL,Flagler County,52
11/22/2020,12035,FL,Flagler County,52
12/22/2020,12037,FL,Franklin County,#DIV/0!
12/21/2020,12037,FL,Franklin County,36.15
12/20/2020,12037,FL,Franklin County,48.46
12/19/2020,12037,FL,Franklin County,48.46
12/18/2020,12037,FL,Franklin County,48.46
12/17/2020,12037,FL,Franklin County,48.46
12/16/2020,12037,FL,Franklin County,48.46
12/15/2020,12037,FL,Franklin County,48.46
12/14/2020,12037,FL,Franklin County,48.89
12/13/2020,12037,FL,Franklin County,48.89
12/12/2020,12037,FL,Franklin County,43.33
12/11/2020,12037,FL,Franklin County,54.44
12/10/2020,12037,FL,Franklin County,54.44
12/9/2020,12037,FL,Franklin County,54.44
12/8/2020,12037,FL,Franklin County,54.44
12/7/2020,12037,FL,Franklin County,51.67
12/6/2020,12037,FL,Franklin County,31.67
12/5/2020,12037,FL,Franklin County,31.67
12/4/2020,12037,FL,Franklin County,31.67
12/3/2020,12037,FL,Franklin County,31.67
12/2/2020,12037,FL,Franklin County,31.67
12/1/2020,12037,FL,Franklin County,31.67
11/30/2020,12037,FL,Franklin County,31.67
11/29/2020,12037,FL,Franklin County,31.67
11/28/2020,12037,FL,Franklin County,31.67
11/27/2020,12037,FL,Franklin County,39.17
11/26/2020,12037,FL,Franklin County,39.17
11/25/2020,12037,FL,Franklin County,41.94
11/24/2020,12037,FL,Franklin County,47.5
11/23/2020,12037,FL,Franklin County,47.5
11/22/2020,12037,FL,Franklin County,47.5
12/22/2020,12039,FL,Gadsden County,#DIV/0!
12/21/2020,12039,FL,Gadsden County,76.15
12/20/2020,12039,FL,Gadsden County,76.15
12/19/2020,12039,FL,Gadsden County,76.15
12/18/2020,12039,FL,Gadsden County,67.33
12/17/2020,12039,FL,Gadsden County,67.33
12/16/2020,12039,FL,Gadsden County,67.33
12/15/2020,12039,FL,Gadsden County,70
12/14/2020,12039,FL,Gadsden County,72.5
12/13/2020,12039,FL,Gadsden County,77.22
12/12/2020,12039,FL,Gadsden County,74.5
12/11/2020,12039,FL,Gadsden County,70.5
12/10/2020,12039,FL,Gadsden County,53
12/9/2020,12039,FL,Gadsden County,55
12/8/2020,12039,FL,Gadsden County,55
12/7/2020,12039,FL,Gadsden County,55
12/6/2020,12039,FL,Gadsden County,57.78
12/5/2020,12039,FL,Gadsden County,57
12/4/2020,12039,FL,Gadsden County,53
12/3/2020,12039,FL,Gadsden County,55
12/2/2020,12039,FL,Gadsden County,72.5
12/1/2020,12039,FL,Gadsden County,65
11/30/2020,12039,FL,Gadsden County,65
11/29/2020,12039,FL,Gadsden County,68.89
11/28/2020,12039,FL,Gadsden County,57
11/27/2020,12039,FL,Gadsden County,55
11/26/2020,12039,FL,Gadsden County,55
11/25/2020,12039,FL,Gadsden County,65
11/24/2020,12039,FL,Gadsden County,57
11/23/2020,12039,FL,Gadsden County,65
11/22/2020,12039,FL,Gadsden County,68.89
12/21/2020,12041,FL,Gilchrist County,88.46
12/20/2020,12041,FL,Gilchrist County,60.77
12/19/2020,12041,FL,Gilchrist County,60.77
12/18/2020,12041,FL,Gilchrist County,60.77
12/17/2020,12041,FL,Gilchrist County,60.77
12/16/2020,12041,FL,Gilchrist County,60.77
12/15/2020,12041,FL,Gilchrist County,60.77
12/14/2020,12041,FL,Gilchrist County,57.78
12/13/2020,12041,FL,Gilchrist County,66.11
12/12/2020,12041,FL,Gilchrist County,57.78
12/11/2020,12041,FL,Gilchrist County,57.78
12/10/2020,12041,FL,Gilchrist County,56.39
12/9/2020,12041,FL,Gilchrist County,56.39
12/8/2020,12041,FL,Gilchrist County,56.39
12/7/2020,12041,FL,Gilchrist County,56.39
12/6/2020,12041,FL,Gilchrist County,56.39
12/5/2020,12041,FL,Gilchrist County,64.72
12/4/2020,12041,FL,Gilchrist County,64.72
12/3/2020,12041,FL,Gilchrist County,64.72
12/2/2020,12041,FL,Gilchrist County,64.72
12/1/2020,12041,FL,Gilchrist County,55.83
11/30/2020,12041,FL,Gilchrist County,55.83
11/29/2020,12041,FL,Gilchrist County,56.39
11/28/2020,12041,FL,Gilchrist County,56.39
11/27/2020,12041,FL,Gilchrist County,56.39
11/26/2020,12041,FL,Gilchrist County,56.39
11/25/2020,12041,FL,Gilchrist County,56.39
11/24/2020,12041,FL,Gilchrist County,56.39
11/23/2020,12041,FL,Gilchrist County,57.78
11/22/2020,12041,FL,Gilchrist County,57.78
12/21/2020,12043,FL,Glades County,44.62
12/20/2020,12043,FL,Glades County,44.62
12/19/2020,12043,FL,Glades County,56.92
12/18/2020,12043,FL,Glades County,44.62
12/17/2020,12043,FL,Glades County,44.62
12/16/2020,12043,FL,Glades County,44.62
12/15/2020,12043,FL,Glades County,46.54
12/14/2020,12043,FL,Glades County,55.83
12/13/2020,12043,FL,Glades County,55.83
12/12/2020,12043,FL,Glades County,55.83
12/11/2020,12043,FL,Glades County,70.28
12/10/2020,12043,FL,Glades County,64.72
12/9/2020,12043,FL,Glades County,67.5
12/8/2020,12043,FL,Glades County,68.89
12/7/2020,12043,FL,Glades County,66.11
12/6/2020,12043,FL,Glades County,66.11
12/5/2020,12043,FL,Glades County,66.11
12/4/2020,12043,FL,Glades County,48.89
12/3/2020,12043,FL,Glades County,57.78
12/2/2020,12043,FL,Glades County,60
12/1/2020,12043,FL,Glades County,60
11/30/2020,12043,FL,Glades County,60
11/29/2020,12043,FL,Glades County,60
11/28/2020,12043,FL,Glades County,54.44
11/27/2020,12043,FL,Glades County,54.44
11/26/2020,12043,FL,Glades County,54.44
11/25/2020,12043,FL,Glades County,60
11/24/2020,12043,FL,Glades County,54.44
11/23/2020,12043,FL,Glades County,54.44
11/22/2020,12043,FL,Glades County,54.44
12/22/2020,12045,FL,Gulf County,#DIV/0!
12/21/2020,12045,FL,Gulf County,88.46
12/20/2020,12045,FL,Gulf County,88.46
12/19/2020,12045,FL,Gulf County,88.46
12/18/2020,12045,FL,Gulf County,88.46
12/17/2020,12045,FL,Gulf County,88.46
12/16/2020,12045,FL,Gulf County,88.46
12/15/2020,12045,FL,Gulf County,60.77
12/14/2020,12045,FL,Gulf County,57.78
12/13/2020,12045,FL,Gulf County,57.78
12/12/2020,12045,FL,Gulf County,57.78
12/11/2020,12045,FL,Gulf County,57.78
12/10/2020,12045,FL,Gulf County,57.78
12/9/2020,12045,FL,Gulf County,57.78
12/8/2020,12045,FL,Gulf County,57.78
12/7/2020,12045,FL,Gulf County,66.67
12/6/2020,12045,FL,Gulf County,66.11
12/5/2020,12045,FL,Gulf County,66.11
12/4/2020,12045,FL,Gulf County,66.11
12/3/2020,12045,FL,Gulf County,66.11
12/2/2020,12045,FL,Gulf County,66.11
12/1/2020,12045,FL,Gulf County,57.22
11/30/2020,12045,FL,Gulf County,57.22
11/29/2020,12045,FL,Gulf County,57.22
11/28/2020,12045,FL,Gulf County,57.22
11/27/2020,12045,FL,Gulf County,48.89
11/26/2020,12045,FL,Gulf County,48.89
11/25/2020,12045,FL,Gulf County,56.39
11/24/2020,12045,FL,Gulf County,56.39
11/23/2020,12045,FL,Gulf County,47.5
11/22/2020,12045,FL,Gulf County,39.17
12/21/2020,12047,FL,Hamilton County,73.08
12/20/2020,12047,FL,Hamilton County,73.08
12/19/2020,12047,FL,Hamilton County,73.08
12/18/2020,12047,FL,Hamilton County,73.08
12/17/2020,12047,FL,Hamilton County,73.08
12/16/2020,12047,FL,Hamilton County,60.77
12/15/2020,12047,FL,Hamilton County,60.77
12/14/2020,12047,FL,Hamilton County,66.11
12/13/2020,12047,FL,Hamilton County,66.11
12/12/2020,12047,FL,Hamilton County,68.89
12/11/2020,12047,FL,Hamilton County,68.89
12/10/2020,12047,FL,Hamilton County,68.89
12/9/2020,12047,FL,Hamilton County,68.89
12/8/2020,12047,FL,Hamilton County,77.22
12/7/2020,12047,FL,Hamilton County,77.22
12/6/2020,12047,FL,Hamilton County,77.22
12/5/2020,12047,FL,Hamilton County,68.89
12/4/2020,12047,FL,Hamilton County,68.89
12/3/2020,12047,FL,Hamilton County,68.89
12/2/2020,12047,FL,Hamilton County,68.89
12/1/2020,12047,FL,Hamilton County,54.44
11/30/2020,12047,FL,Hamilton County,54.44
11/29/2020,12047,FL,Hamilton County,54.44
11/28/2020,12047,FL,Hamilton County,54.44
11/27/2020,12047,FL,Hamilton County,60
11/26/2020,12047,FL,Hamilton County,60
11/25/2020,12047,FL,Hamilton County,60
11/24/2020,12047,FL,Hamilton County,60
11/23/2020,12047,FL,Hamilton County,60
11/22/2020,12047,FL,Hamilton County,60
12/22/2020,12049,FL,Hardee County,#DIV/0!
12/21/2020,12049,FL,Hardee County,60.77
12/20/2020,12049,FL,Hardee County,60.77
12/19/2020,12049,FL,Hardee County,88.46
12/18/2020,12049,FL,Hardee County,83.33
12/17/2020,12049,FL,Hardee County,83.33
12/16/2020,12049,FL,Hardee County,72.67
12/15/2020,12049,FL,Hardee County,72.67
12/14/2020,12049,FL,Hardee County,74.5
12/13/2020,12049,FL,Hardee County,77.22
12/12/2020,12049,FL,Hardee County,77.22
12/11/2020,12049,FL,Hardee County,74.5
12/10/2020,12049,FL,Hardee County,59
12/9/2020,12049,FL,Hardee County,67
12/8/2020,12049,FL,Hardee County,59
12/7/2020,12049,FL,Hardee County,67
12/6/2020,12049,FL,Hardee County,60
12/5/2020,12049,FL,Hardee County,60
12/4/2020,12049,FL,Hardee County,49
12/3/2020,12049,FL,Hardee County,64.5
12/2/2020,12049,FL,Hardee County,49
12/1/2020,12049,FL,Hardee County,49
11/30/2020,12049,FL,Hardee County,47
11/29/2020,12049,FL,Hardee County,48.89
11/28/2020,12049,FL,Hardee County,48.89
11/27/2020,12049,FL,Hardee County,43.75
11/26/2020,12049,FL,Hardee County,43.75
11/25/2020,12049,FL,Hardee County,47.75
11/24/2020,12049,FL,Hardee County,47.75
11/23/2020,12049,FL,Hardee County,47.75
11/22/2020,12049,FL,Hardee County,47.5
12/22/2020,12051,FL,Hendry County,#DIV/0!
12/21/2020,12051,FL,Hendry County,88.46
12/20/2020,12051,FL,Hendry County,88.46
12/19/2020,12051,FL,Hendry County,88.46
12/18/2020,12051,FL,Hendry County,80.67
12/17/2020,12051,FL,Hendry County,83.33
12/16/2020,12051,FL,Hendry County,83.33
12/15/2020,12051,FL,Hendry County,64.29
12/14/2020,12051,FL,Hendry County,87.5
12/13/2020,12051,FL,Hendry County,91.67
12/12/2020,12051,FL,Hendry County,82.5
12/11/2020,12051,FL,Hendry County,75
12/10/2020,12051,FL,Hendry County,77
12/9/2020,12051,FL,Hendry County,77
12/8/2020,12051,FL,Hendry County,77
12/7/2020,12051,FL,Hendry County,77.5
12/6/2020,12051,FL,Hendry County,80
12/5/2020,12051,FL,Hendry County,79.5
12/4/2020,12051,FL,Hendry County,77
12/3/2020,12051,FL,Hendry County,74.5
12/2/2020,12051,FL,Hendry County,74.5
12/1/2020,12051,FL,Hendry County,66.5
11/30/2020,12051,FL,Hendry County,66.5
11/29/2020,12051,FL,Hendry County,68.33
11/28/2020,12051,FL,Hendry County,57
11/27/2020,12051,FL,Hendry County,62.5
11/26/2020,12051,FL,Hendry County,62.5
11/25/2020,12051,FL,Hendry County,59
11/24/2020,12051,FL,Hendry County,49
11/23/2020,12051,FL,Hendry County,56.5
11/22/2020,12051,FL,Hendry County,66.11
12/22/2020,12053,FL,Hernando County,#DIV/0!
12/21/2020,12053,FL,Hernando County,76.15
12/20/2020,12053,FL,Hernando County,76.15
12/19/2020,12053,FL,Hernando County,76.15
12/18/2020,12053,FL,Hernando County,70
12/17/2020,12053,FL,Hernando County,70
12/16/2020,12053,FL,Hernando County,70
12/15/2020,12053,FL,Hernando County,70
12/14/2020,12053,FL,Hernando County,65
12/13/2020,12053,FL,Hernando County,74.5
12/12/2020,12053,FL,Hernando County,74.5
12/11/2020,12053,FL,Hernando County,72.5
12/10/2020,12053,FL,Hernando County,72.5
12/9/2020,12053,FL,Hernando County,72.5
12/8/2020,12053,FL,Hernando County,72.5
12/7/2020,12053,FL,Hernando County,72.5
12/6/2020,12053,FL,Hernando County,74.5
12/5/2020,12053,FL,Hernando County,74.5
12/4/2020,12053,FL,Hernando County,72.5
12/3/2020,12053,FL,Hernando County,72.5
12/2/2020,12053,FL,Hernando County,72.5
12/1/2020,12053,FL,Hernando County,72.5
11/30/2020,12053,FL,Hernando County,72.5
11/29/2020,12053,FL,Hernando County,74.5
11/28/2020,12053,FL,Hernando County,74.5
11/27/2020,12053,FL,Hernando County,70.5
11/26/2020,12053,FL,Hernando County,62.5
11/25/2020,12053,FL,Hernando County,72.5
11/24/2020,12053,FL,Hernando County,72.5
11/23/2020,12053,FL,Hernando County,72.5
11/22/2020,12053,FL,Hernando County,74.5
12/22/2020,12055,FL,Highlands County,#DIV/0!
12/21/2020,12055,FL,Highlands County,60.77
12/20/2020,12055,FL,Highlands County,60.77
12/19/2020,12055,FL,Highlands County,60.77
12/18/2020,12055,FL,Highlands County,56.67
12/17/2020,12055,FL,Highlands County,59.33
12/16/2020,12055,FL,Highlands County,59.33
12/15/2020,12055,FL,Highlands County,59.33
12/14/2020,12055,FL,Highlands County,57
12/13/2020,12055,FL,Highlands County,57
12/12/2020,12055,FL,Highlands County,57
12/11/2020,12055,FL,Highlands County,57
12/10/2020,12055,FL,Highlands County,67
12/9/2020,12055,FL,Highlands County,67
12/8/2020,12055,FL,Highlands County,67
12/7/2020,12055,FL,Highlands County,67
12/6/2020,12055,FL,Highlands County,67
12/5/2020,12055,FL,Highlands County,67
12/4/2020,12055,FL,Highlands County,74.5
12/3/2020,12055,FL,Highlands County,64.5
12/2/2020,12055,FL,Highlands County,64.5
12/1/2020,12055,FL,Highlands County,57
11/30/2020,12055,FL,Highlands County,64.5
11/29/2020,12055,FL,Highlands County,64.5
11/28/2020,12055,FL,Highlands County,55
11/27/2020,12055,FL,Highlands County,53
11/26/2020,12055,FL,Highlands County,60.5
11/25/2020,12055,FL,Highlands County,64.5
11/24/2020,12055,FL,Highlands County,64.5
11/23/2020,12055,FL,Highlands County,64.5
11/22/2020,12055,FL,Highlands County,64.5
12/22/2020,12057,FL,Hillsborough County,#DIV/0!
12/21/2020,12057,FL,Hillsborough County,76.15
12/20/2020,12057,FL,Hillsborough County,76.15
12/19/2020,12057,FL,Hillsborough County,76.15
12/18/2020,12057,FL,Hillsborough County,67.33
12/17/2020,12057,FL,Hillsborough County,67.33
12/16/2020,12057,FL,Hillsborough County,67.33
12/15/2020,12057,FL,Hillsborough County,67.33
12/14/2020,12057,FL,Hillsborough County,63
12/13/2020,12057,FL,Hillsborough County,67
12/12/2020,12057,FL,Hillsborough County,67
12/11/2020,12057,FL,Hillsborough County,63
12/10/2020,12057,FL,Hillsborough County,63
12/9/2020,12057,FL,Hillsborough County,63
12/8/2020,12057,FL,Hillsborough County,63
12/7/2020,12057,FL,Hillsborough County,63
12/6/2020,12057,FL,Hillsborough County,67
12/5/2020,12057,FL,Hillsborough County,65
12/4/2020,12057,FL,Hillsborough County,63
12/3/2020,12057,FL,Hillsborough County,63
12/2/2020,12057,FL,Hillsborough County,63
12/1/2020,12057,FL,Hillsborough County,63
11/30/2020,12057,FL,Hillsborough County,55
11/29/2020,12057,FL,Hillsborough County,67
11/28/2020,12057,FL,Hillsborough County,57
11/27/2020,12057,FL,Hillsborough County,63
11/26/2020,12057,FL,Hillsborough County,55
11/25/2020,12057,FL,Hillsborough County,63
11/24/2020,12057,FL,Hillsborough County,63
11/23/2020,12057,FL,Hillsborough County,63
11/22/2020,12057,FL,Hillsborough County,59
12/22/2020,12059,FL,Holmes County,#DIV/0!
12/21/2020,12059,FL,Holmes County,88.46
12/20/2020,12059,FL,Holmes County,88.46
12/19/2020,12059,FL,Holmes County,88.46
12/18/2020,12059,FL,Holmes County,76.15
12/17/2020,12059,FL,Holmes County,70
12/16/2020,12059,FL,Holmes County,88.46
12/15/2020,12059,FL,Holmes County,88.46
12/14/2020,12059,FL,Holmes County,77.22
12/13/2020,12059,FL,Holmes County,77.22
12/12/2020,12059,FL,Holmes County,68.89
12/11/2020,12059,FL,Holmes County,75
12/10/2020,12059,FL,Holmes County,75
12/9/2020,12059,FL,Holmes County,75
12/8/2020,12059,FL,Holmes County,75
12/7/2020,12059,FL,Holmes County,75
12/6/2020,12059,FL,Holmes County,75
12/5/2020,12059,FL,Holmes County,66.67
12/4/2020,12059,FL,Holmes County,75
12/3/2020,12059,FL,Holmes County,75
12/2/2020,12059,FL,Holmes County,75
12/1/2020,12059,FL,Holmes County,66.11
11/30/2020,12059,FL,Holmes County,66.11
11/29/2020,12059,FL,Holmes County,66.11
11/28/2020,12059,FL,Holmes County,68.89
11/27/2020,12059,FL,Holmes County,66.11
11/26/2020,12059,FL,Holmes County,66.11
11/25/2020,12059,FL,Holmes County,66.11
11/24/2020,12059,FL,Holmes County,75
11/23/2020,12059,FL,Holmes County,66.67
11/22/2020,12059,FL,Holmes County,66.67
12/22/2020,12061,FL,Indian River County,#DIV/0!
12/21/2020,12061,FL,Indian River County,76.15
12/20/2020,12061,FL,Indian River County,76.15
12/19/2020,12061,FL,Indian River County,76.15
12/18/2020,12061,FL,Indian River County,70
12/17/2020,12061,FL,Indian River County,70
12/16/2020,12061,FL,Indian River County,70
12/15/2020,12061,FL,Indian River County,62
12/14/2020,12061,FL,Indian River County,67
12/13/2020,12061,FL,Indian River County,59
12/12/2020,12061,FL,Indian River County,65
12/11/2020,12061,FL,Indian River County,65
12/10/2020,12061,FL,Indian River County,67
12/9/2020,12061,FL,Indian River County,65
12/8/2020,12061,FL,Indian River County,65
12/7/2020,12061,FL,Indian River County,57
12/6/2020,12061,FL,Indian River County,59
12/5/2020,12061,FL,Indian River County,59
12/4/2020,12061,FL,Indian River County,57
12/3/2020,12061,FL,Indian River County,67
12/2/2020,12061,FL,Indian River County,57
12/1/2020,12061,FL,Indian River County,59
11/30/2020,12061,FL,Indian River County,47
11/29/2020,12061,FL,Indian River County,49
11/28/2020,12061,FL,Indian River County,47
11/27/2020,12061,FL,Indian River County,45
11/26/2020,12061,FL,Indian River County,45
11/25/2020,12061,FL,Indian River County,47
11/24/2020,12061,FL,Indian River County,55
11/23/2020,12061,FL,Indian River County,55
11/22/2020,12061,FL,Indian River County,55
12/22/2020,12063,FL,Jackson County,#DIV/0!
12/21/2020,12063,FL,Jackson County,88.46
12/20/2020,12063,FL,Jackson County,88.46
12/19/2020,12063,FL,Jackson County,88.46
12/18/2020,12063,FL,Jackson County,80.67
12/17/2020,12063,FL,Jackson County,80.67
12/16/2020,12063,FL,Jackson County,70
12/15/2020,12063,FL,Jackson County,72.67
12/14/2020,12063,FL,Jackson County,65
12/13/2020,12063,FL,Jackson County,74.5
12/12/2020,12063,FL,Jackson County,67
12/11/2020,12063,FL,Jackson County,65
12/10/2020,12063,FL,Jackson County,67
12/9/2020,12063,FL,Jackson County,67
12/8/2020,12063,FL,Jackson County,67
12/7/2020,12063,FL,Jackson County,57
12/6/2020,12063,FL,Jackson County,57
12/5/2020,12063,FL,Jackson County,57
12/4/2020,12063,FL,Jackson County,64.5
12/3/2020,12063,FL,Jackson County,63.25
12/2/2020,12063,FL,Jackson County,61.25
12/1/2020,12063,FL,Jackson County,61.25
11/30/2020,12063,FL,Jackson County,69.25
11/29/2020,12063,FL,Jackson County,69.25
11/28/2020,12063,FL,Jackson County,69.25
11/27/2020,12063,FL,Jackson County,59.75
11/26/2020,12063,FL,Jackson County,59.75
11/25/2020,12063,FL,Jackson County,61.75
11/24/2020,12063,FL,Jackson County,63
11/23/2020,12063,FL,Jackson County,63
11/22/2020,12063,FL,Jackson County,65
12/21/2020,12065,FL,Jefferson County,60.77
12/20/2020,12065,FL,Jefferson County,60.77
12/19/2020,12065,FL,Jefferson County,60.77
12/18/2020,12065,FL,Jefferson County,60.77
12/17/2020,12065,FL,Jefferson County,60.77
12/16/2020,12065,FL,Jefferson County,60.77
12/15/2020,12065,FL,Jefferson County,60.77
12/14/2020,12065,FL,Jefferson County,57.78
12/13/2020,12065,FL,Jefferson County,57.78
12/12/2020,12065,FL,Jefferson County,66.11
12/11/2020,12065,FL,Jefferson County,66.11
12/10/2020,12065,FL,Jefferson County,57.22
12/9/2020,12065,FL,Jefferson County,66.11
12/8/2020,12065,FL,Jefferson County,57.78
12/7/2020,12065,FL,Jefferson County,57.78
12/6/2020,12065,FL,Jefferson County,57.78
12/5/2020,12065,FL,Jefferson County,57.78
12/4/2020,12065,FL,Jefferson County,57.78
12/3/2020,12065,FL,Jefferson County,57.78
12/2/2020,12065,FL,Jefferson County,57.78
12/1/2020,12065,FL,Jefferson County,57.78
11/30/2020,12065,FL,Jefferson County,57.78
11/29/2020,12065,FL,Jefferson County,57.78
11/28/2020,12065,FL,Jefferson County,68.89
11/27/2020,12065,FL,Jefferson County,63.33
11/26/2020,12065,FL,Jefferson County,54.44
11/25/2020,12065,FL,Jefferson County,68.89
11/24/2020,12065,FL,Jefferson County,54.44
11/23/2020,12065,FL,Jefferson County,54.44
11/22/2020,12065,FL,Jefferson County,54.44
12/21/2020,12067,FL,Lafayette County,55
12/20/2020,12067,FL,Lafayette County,55
12/19/2020,12067,FL,Lafayette County,55
12/18/2020,12067,FL,Lafayette County,55
12/17/2020,12067,FL,Lafayette County,55
12/16/2020,12067,FL,Lafayette County,55
12/15/2020,12067,FL,Lafayette County,56.92
12/14/2020,12067,FL,Lafayette County,55
12/13/2020,12067,FL,Lafayette County,55
12/12/2020,12067,FL,Lafayette County,55
12/11/2020,12067,FL,Lafayette County,55
12/10/2020,12067,FL,Lafayette County,73.61
12/9/2020,12067,FL,Lafayette County,73.61
12/8/2020,12067,FL,Lafayette County,73.61
12/7/2020,12067,FL,Lafayette County,75
12/6/2020,12067,FL,Lafayette County,75
12/5/2020,12067,FL,Lafayette County,75
12/4/2020,12067,FL,Lafayette County,86.11
12/3/2020,12067,FL,Lafayette County,86.11
12/2/2020,12067,FL,Lafayette County,77.22
12/1/2020,12067,FL,Lafayette County,77.22
11/30/2020,12067,FL,Lafayette County,80
11/29/2020,12067,FL,Lafayette County,77.22
11/28/2020,12067,FL,Lafayette County,77.22
11/27/2020,12067,FL,Lafayette County,77.22
11/26/2020,12067,FL,Lafayette County,77.22
11/25/2020,12067,FL,Lafayette County,68.89
11/24/2020,12067,FL,Lafayette County,68.89
11/23/2020,12067,FL,Lafayette County,68.89
11/22/2020,12067,FL,Lafayette County,63.33
12/22/2020,12069,FL,Lake County,#DIV/0!
12/21/2020,12069,FL,Lake County,76.15
12/20/2020,12069,FL,Lake County,76.15
12/19/2020,12069,FL,Lake County,76.15
12/18/2020,12069,FL,Lake County,70
12/17/2020,12069,FL,Lake County,70
12/16/2020,12069,FL,Lake County,70
12/15/2020,12069,FL,Lake County,70
12/14/2020,12069,FL,Lake County,65
12/13/2020,12069,FL,Lake County,67
12/12/2020,12069,FL,Lake County,67
12/11/2020,12069,FL,Lake County,65
12/10/2020,12069,FL,Lake County,65
12/9/2020,12069,FL,Lake County,65
12/8/2020,12069,FL,Lake County,65
12/7/2020,12069,FL,Lake County,57
12/6/2020,12069,FL,Lake County,59
12/5/2020,12069,FL,Lake County,59
12/4/2020,12069,FL,Lake County,57
12/3/2020,12069,FL,Lake County,57
12/2/2020,12069,FL,Lake County,57
12/1/2020,12069,FL,Lake County,57
11/30/2020,12069,FL,Lake County,57
11/29/2020,12069,FL,Lake County,59
11/28/2020,12069,FL,Lake County,57
11/27/2020,12069,FL,Lake County,51.67
11/26/2020,12069,FL,Lake County,50
11/25/2020,12069,FL,Lake County,52
11/24/2020,12069,FL,Lake County,52
11/23/2020,12069,FL,Lake County,52
11/22/2020,12069,FL,Lake County,54
12/22/2020,12071,FL,Lee County,#DIV/0!
12/21/2020,12071,FL,Lee County,76.15
12/20/2020,12071,FL,Lee County,76.15
12/19/2020,12071,FL,Lee County,76.15
12/18/2020,12071,FL,Lee County,70
12/17/2020,12071,FL,Lee County,70
12/16/2020,12071,FL,Lee County,70
12/15/2020,12071,FL,Lee County,70
12/14/2020,12071,FL,Lee County,67
12/13/2020,12071,FL,Lee County,67
12/12/2020,12071,FL,Lee County,67
12/11/2020,12071,FL,Lee County,65
12/10/2020,12071,FL,Lee County,65
12/9/2020,12071,FL,Lee County,65
12/8/2020,12071,FL,Lee County,65
12/7/2020,12071,FL,Lee County,65
12/6/2020,12071,FL,Lee County,67
12/5/2020,12071,FL,Lee County,67
12/4/2020,12071,FL,Lee County,65
12/3/2020,12071,FL,Lee County,65
12/2/2020,12071,FL,Lee County,65
12/1/2020,12071,FL,Lee County,67
11/30/2020,12071,FL,Lee County,65
11/29/2020,12071,FL,Lee County,67
11/28/2020,12071,FL,Lee County,67
11/27/2020,12071,FL,Lee County,63
11/26/2020,12071,FL,Lee County,63
11/25/2020,12071,FL,Lee County,65
11/24/2020,12071,FL,Lee County,65
11/23/2020,12071,FL,Lee County,65
11/22/2020,12071,FL,Lee County,67
12/22/2020,12073,FL,Leon County,#DIV/0!
12/21/2020,12073,FL,Leon County,60.77
12/20/2020,12073,FL,Leon County,60.77
12/19/2020,12073,FL,Leon County,60.77
12/18/2020,12073,FL,Leon County,54
12/17/2020,12073,FL,Leon County,54
12/16/2020,12073,FL,Leon County,54
12/15/2020,12073,FL,Leon County,54
12/14/2020,12073,FL,Leon County,53
12/13/2020,12073,FL,Leon County,55
12/12/2020,12073,FL,Leon County,55
12/11/2020,12073,FL,Leon County,63
12/10/2020,12073,FL,Leon County,63
12/9/2020,12073,FL,Leon County,63
12/8/2020,12073,FL,Leon County,63
12/7/2020,12073,FL,Leon County,63
12/6/2020,12073,FL,Leon County,65
12/5/2020,12073,FL,Leon County,65
12/4/2020,12073,FL,Leon County,63
12/3/2020,12073,FL,Leon County,63
12/2/2020,12073,FL,Leon County,63
12/1/2020,12073,FL,Leon County,63
11/30/2020,12073,FL,Leon County,63
11/29/2020,12073,FL,Leon County,67
11/28/2020,12073,FL,Leon County,60
11/27/2020,12073,FL,Leon County,58
11/26/2020,12073,FL,Leon County,58
11/25/2020,12073,FL,Leon County,58
11/24/2020,12073,FL,Leon County,58
11/23/2020,12073,FL,Leon County,58
11/22/2020,12073,FL,Leon County,62
12/21/2020,12075,FL,Levy County,60.77
12/20/2020,12075,FL,Levy County,60.77
12/19/2020,12075,FL,Levy County,60.77
12/18/2020,12075,FL,Levy County,56.67
12/17/2020,12075,FL,Levy County,59.33
12/16/2020,12075,FL,Levy County,56.67
12/15/2020,12075,FL,Levy County,59.33
12/14/2020,12075,FL,Levy County,57
12/13/2020,12075,FL,Levy County,57
12/12/2020,12075,FL,Levy County,57
12/11/2020,12075,FL,Levy County,55
12/10/2020,12075,FL,Levy County,57
12/9/2020,12075,FL,Levy County,64.5
12/8/2020,12075,FL,Levy County,64.5
12/7/2020,12075,FL,Levy County,64.5
12/6/2020,12075,FL,Levy County,57
12/5/2020,12075,FL,Levy County,57
12/4/2020,12075,FL,Levy County,57
12/3/2020,12075,FL,Levy County,57
12/2/2020,12075,FL,Levy County,47
12/1/2020,12075,FL,Levy County,49
11/30/2020,12075,FL,Levy County,49
11/29/2020,12075,FL,Levy County,49
11/28/2020,12075,FL,Levy County,49
11/27/2020,12075,FL,Levy County,45
11/26/2020,12075,FL,Levy County,45
11/25/2020,12075,FL,Levy County,57
11/24/2020,12075,FL,Levy County,57
11/23/2020,12075,FL,Levy County,57
11/22/2020,12075,FL,Levy County,57
12/21/2020,12077,FL,Liberty County,58.85
12/20/2020,12077,FL,Liberty County,71.15
12/19/2020,12077,FL,Liberty County,58.85
12/18/2020,12077,FL,Liberty County,58.85
12/17/2020,12077,FL,Liberty County,58.85
12/16/2020,12077,FL,Liberty County,58.85
12/15/2020,12077,FL,Liberty County,58.85
12/14/2020,12077,FL,Liberty County,56.39
12/13/2020,12077,FL,Liberty County,56.39
12/12/2020,12077,FL,Liberty County,64.72
12/11/2020,12077,FL,Liberty County,64.72
12/10/2020,12077,FL,Liberty County,64.72
12/9/2020,12077,FL,Liberty County,64.72
12/8/2020,12077,FL,Liberty County,67.5
12/7/2020,12077,FL,Liberty County,76.39
12/6/2020,12077,FL,Liberty County,80.56
12/5/2020,12077,FL,Liberty County,77.78
12/4/2020,12077,FL,Liberty County,80.56
12/3/2020,12077,FL,Liberty County,75
12/2/2020,12077,FL,Liberty County,77.22
12/1/2020,12077,FL,Liberty County,77.22
11/30/2020,12077,FL,Liberty County,77.22
11/29/2020,12077,FL,Liberty County,77.22
11/28/2020,12077,FL,Liberty County,68.89
11/27/2020,12077,FL,Liberty County,68.89
11/26/2020,12077,FL,Liberty County,68.89
11/25/2020,12077,FL,Liberty County,68.89
11/24/2020,12077,FL,Liberty County,68.89
11/23/2020,12077,FL,Liberty County,60
11/22/2020,12077,FL,Liberty County,60
12/22/2020,12079,FL,Madison County,#DIV/0!
12/21/2020,12079,FL,Madison County,55
12/20/2020,12079,FL,Madison County,55
12/19/2020,12079,FL,Madison County,55
12/18/2020,12079,FL,Madison County,56.92
12/17/2020,12079,FL,Madison County,69.23
12/16/2020,12079,FL,Madison County,56.92
12/15/2020,12079,FL,Madison County,69.23
12/14/2020,12079,FL,Madison County,65.28
12/13/2020,12079,FL,Madison County,65.28
12/12/2020,12079,FL,Madison County,65.28
12/11/2020,12079,FL,Madison County,65.28
12/10/2020,12079,FL,Madison County,75
12/9/2020,12079,FL,Madison County,75
12/8/2020,12079,FL,Madison County,75
12/7/2020,12079,FL,Madison County,66.67
12/6/2020,12079,FL,Madison County,66.11
12/5/2020,12079,FL,Madison County,66.11
12/4/2020,12079,FL,Madison County,66.11
12/3/2020,12079,FL,Madison County,75
12/2/2020,12079,FL,Madison County,66.11
12/1/2020,12079,FL,Madison County,66.11
11/30/2020,12079,FL,Madison County,66.11
11/29/2020,12079,FL,Madison County,66.11
11/28/2020,12079,FL,Madison County,52.22
11/27/2020,12079,FL,Madison County,57.78
11/26/2020,12079,FL,Madison County,47.5
11/25/2020,12079,FL,Madison County,56.39
11/24/2020,12079,FL,Madison County,56.39
11/23/2020,12079,FL,Madison County,56.39
11/22/2020,12079,FL,Madison County,56.39
12/22/2020,12081,FL,Manatee County,#DIV/0!
12/21/2020,12081,FL,Manatee County,76.15
12/20/2020,12081,FL,Manatee County,76.15
12/19/2020,12081,FL,Manatee County,76.15
12/18/2020,12081,FL,Manatee County,70
12/17/2020,12081,FL,Manatee County,70
12/16/2020,12081,FL,Manatee County,70
12/15/2020,12081,FL,Manatee County,70
12/14/2020,12081,FL,Manatee County,65
12/13/2020,12081,FL,Manatee County,67
12/12/2020,12081,FL,Manatee County,67
12/11/2020,12081,FL,Manatee County,65
12/10/2020,12081,FL,Manatee County,65
12/9/2020,12081,FL,Manatee County,65
12/8/2020,12081,FL,Manatee County,65
12/7/2020,12081,FL,Manatee County,65
12/6/2020,12081,FL,Manatee County,67
12/5/2020,12081,FL,Manatee County,67
12/4/2020,12081,FL,Manatee County,65
12/3/2020,12081,FL,Manatee County,65
12/2/2020,12081,FL,Manatee County,65
12/1/2020,12081,FL,Manatee County,65
11/30/2020,12081,FL,Manatee County,65
11/29/2020,12081,FL,Manatee County,67
11/28/2020,12081,FL,Manatee County,67
11/27/2020,12081,FL,Manatee County,63
11/26/2020,12081,FL,Manatee County,63
11/25/2020,12081,FL,Manatee County,65
11/24/2020,12081,FL,Manatee County,65
11/23/2020,12081,FL,Manatee County,65
11/22/2020,12081,FL,Manatee County,67
12/22/2020,12083,FL,Marion County,#DIV/0!
12/21/2020,12083,FL,Marion County,76.15
12/20/2020,12083,FL,Marion County,76.15
12/19/2020,12083,FL,Marion County,76.15
12/18/2020,12083,FL,Marion County,70
12/17/2020,12083,FL,Marion County,72.67
12/16/2020,12083,FL,Marion County,70
12/15/2020,12083,FL,Marion County,72.67
12/14/2020,12083,FL,Marion County,67
12/13/2020,12083,FL,Marion County,67
12/12/2020,12083,FL,Marion County,67
12/11/2020,12083,FL,Marion County,65
12/10/2020,12083,FL,Marion County,67
12/9/2020,12083,FL,Marion County,65
12/8/2020,12083,FL,Marion County,65
12/7/2020,12083,FL,Marion County,67
12/6/2020,12083,FL,Marion County,67
12/5/2020,12083,FL,Marion County,67
12/4/2020,12083,FL,Marion County,65
12/3/2020,12083,FL,Marion County,67
12/2/2020,12083,FL,Marion County,65
12/1/2020,12083,FL,Marion County,57
11/30/2020,12083,FL,Marion County,59
11/29/2020,12083,FL,Marion County,59
11/28/2020,12083,FL,Marion County,59
11/27/2020,12083,FL,Marion County,63
11/26/2020,12083,FL,Marion County,55
11/25/2020,12083,FL,Marion County,65
11/24/2020,12083,FL,Marion County,65
11/23/2020,12083,FL,Marion County,67
11/22/2020,12083,FL,Marion County,67
12/22/2020,12085,FL,Martin County,#DIV/0!
12/21/2020,12085,FL,Martin County,76.15
12/20/2020,12085,FL,Martin County,76.15
12/19/2020,12085,FL,Martin County,76.15
12/18/2020,12085,FL,Martin County,70
12/17/2020,12085,FL,Martin County,70
12/16/2020,12085,FL,Martin County,70
12/15/2020,12085,FL,Martin County,70
12/14/2020,12085,FL,Martin County,65
12/13/2020,12085,FL,Martin County,67
12/12/2020,12085,FL,Martin County,65
12/11/2020,12085,FL,Martin County,65
12/10/2020,12085,FL,Martin County,65
12/9/2020,12085,FL,Martin County,65
12/8/2020,12085,FL,Martin County,65
12/7/2020,12085,FL,Martin County,65
12/6/2020,12085,FL,Martin County,67
12/5/2020,12085,FL,Martin County,59
12/4/2020,12085,FL,Martin County,57
12/3/2020,12085,FL,Martin County,65
12/2/2020,12085,FL,Martin County,57
12/1/2020,12085,FL,Martin County,57
11/30/2020,12085,FL,Martin County,57
11/29/2020,12085,FL,Martin County,59
11/28/2020,12085,FL,Martin County,67
11/27/2020,12085,FL,Martin County,63
11/26/2020,12085,FL,Martin County,55
11/25/2020,12085,FL,Martin County,57
11/24/2020,12085,FL,Martin County,57
11/23/2020,12085,FL,Martin County,57
11/22/2020,12085,FL,Martin County,54
12/22/2020,12086,FL,Miami-Dade County,#DIV/0!
12/21/2020,12086,FL,Miami-Dade County,88.46
12/20/2020,12086,FL,Miami-Dade County,88.46
12/19/2020,12086,FL,Miami-Dade County,88.46
12/18/2020,12086,FL,Miami-Dade County,78
12/17/2020,12086,FL,Miami-Dade County,78
12/16/2020,12086,FL,Miami-Dade County,78
12/15/2020,12086,FL,Miami-Dade County,78
12/14/2020,12086,FL,Miami-Dade County,78.5
12/13/2020,12086,FL,Miami-Dade County,80.5
12/12/2020,12086,FL,Miami-Dade County,80.5
12/11/2020,12086,FL,Miami-Dade County,78.5
12/10/2020,12086,FL,Miami-Dade County,71
12/9/2020,12086,FL,Miami-Dade County,78.5
12/8/2020,12086,FL,Miami-Dade County,78.5
12/7/2020,12086,FL,Miami-Dade County,78.5
12/6/2020,12086,FL,Miami-Dade County,80.5
12/5/2020,12086,FL,Miami-Dade County,80.5
12/4/2020,12086,FL,Miami-Dade County,78.5
12/3/2020,12086,FL,Miami-Dade County,78.5
12/2/2020,12086,FL,Miami-Dade County,78.5
12/1/2020,12086,FL,Miami-Dade County,78.5
11/30/2020,12086,FL,Miami-Dade County,78.5
11/29/2020,12086,FL,Miami-Dade County,80.5
11/28/2020,12086,FL,Miami-Dade County,71
11/27/2020,12086,FL,Miami-Dade County,51.67
11/26/2020,12086,FL,Miami-Dade County,71
11/25/2020,12086,FL,Miami-Dade County,71
11/24/2020,12086,FL,Miami-Dade County,71
11/23/2020,12086,FL,Miami-Dade County,71
11/22/2020,12086,FL,Miami-Dade County,73
12/22/2020,12087,FL,Monroe County,#DIV/0!
12/21/2020,12087,FL,Monroe County,58.85
12/20/2020,12087,FL,Monroe County,58.85
12/19/2020,12087,FL,Monroe County,58.85
12/18/2020,12087,FL,Monroe County,55
12/17/2020,12087,FL,Monroe County,57.67
12/16/2020,12087,FL,Monroe County,59.33
12/15/2020,12087,FL,Monroe County,59.33
12/14/2020,12087,FL,Monroe County,57
12/13/2020,12087,FL,Monroe County,57
12/12/2020,12087,FL,Monroe County,57
12/11/2020,12087,FL,Monroe County,55
12/10/2020,12087,FL,Monroe County,55
12/9/2020,12087,FL,Monroe County,55
12/8/2020,12087,FL,Monroe County,55
12/7/2020,12087,FL,Monroe County,57
12/6/2020,12087,FL,Monroe County,57
12/5/2020,12087,FL,Monroe County,57
12/4/2020,12087,FL,Monroe County,55
12/3/2020,12087,FL,Monroe County,65
12/2/2020,12087,FL,Monroe County,55
12/1/2020,12087,FL,Monroe County,55
11/30/2020,12087,FL,Monroe County,57
11/29/2020,12087,FL,Monroe County,57
11/28/2020,12087,FL,Monroe County,57
11/27/2020,12087,FL,Monroe County,53
11/26/2020,12087,FL,Monroe County,53
11/25/2020,12087,FL,Monroe County,65
11/24/2020,12087,FL,Monroe County,63
11/23/2020,12087,FL,Monroe County,65
11/22/2020,12087,FL,Monroe County,65
12/22/2020,12089,FL,Nassau County,#DIV/0!
12/21/2020,12089,FL,Nassau County,88.46
12/20/2020,12089,FL,Nassau County,88.46
12/19/2020,12089,FL,Nassau County,88.46
12/18/2020,12089,FL,Nassau County,80.67
12/17/2020,12089,FL,Nassau County,80.67
12/16/2020,12089,FL,Nassau County,67.33
12/15/2020,12089,FL,Nassau County,70
12/14/2020,12089,FL,Nassau County,65
12/13/2020,12089,FL,Nassau County,67
12/12/2020,12089,FL,Nassau County,67
12/11/2020,12089,FL,Nassau County,65
12/10/2020,12089,FL,Nassau County,65
12/9/2020,12089,FL,Nassau County,65
12/8/2020,12089,FL,Nassau County,60
12/7/2020,12089,FL,Nassau County,65
12/6/2020,12089,FL,Nassau County,67
12/5/2020,12089,FL,Nassau County,67
12/4/2020,12089,FL,Nassau County,65
12/3/2020,12089,FL,Nassau County,65
12/2/2020,12089,FL,Nassau County,65
12/1/2020,12089,FL,Nassau County,65
11/30/2020,12089,FL,Nassau County,65
11/29/2020,12089,FL,Nassau County,67
11/28/2020,12089,FL,Nassau County,65
11/27/2020,12089,FL,Nassau County,63
11/26/2020,12089,FL,Nassau County,63
11/25/2020,12089,FL,Nassau County,65
11/24/2020,12089,FL,Nassau County,67
11/23/2020,12089,FL,Nassau County,65
11/22/2020,12089,FL,Nassau County,67
12/22/2020,12091,FL,Okaloosa County,#DIV/0!
12/21/2020,12091,FL,Okaloosa County,73.08
12/20/2020,12091,FL,Okaloosa County,60.77
12/19/2020,12091,FL,Okaloosa County,60.77
12/18/2020,12091,FL,Okaloosa County,67.33
12/17/2020,12091,FL,Okaloosa County,67.33
12/16/2020,12091,FL,Okaloosa County,67.33
12/15/2020,12091,FL,Okaloosa County,67.33
12/14/2020,12091,FL,Okaloosa County,70.5
12/13/2020,12091,FL,Okaloosa County,72.5
12/12/2020,12091,FL,Okaloosa County,72.5
12/11/2020,12091,FL,Okaloosa County,70.5
12/10/2020,12091,FL,Okaloosa County,70.5
12/9/2020,12091,FL,Okaloosa County,80.5
12/8/2020,12091,FL,Okaloosa County,83
12/7/2020,12091,FL,Okaloosa County,82.5
12/6/2020,12091,FL,Okaloosa County,82.5
12/5/2020,12091,FL,Okaloosa County,85
12/4/2020,12091,FL,Okaloosa County,80.5
12/3/2020,12091,FL,Okaloosa County,80.5
12/2/2020,12091,FL,Okaloosa County,72.5
12/1/2020,12091,FL,Okaloosa County,72.5
11/30/2020,12091,FL,Okaloosa County,72.5
11/29/2020,12091,FL,Okaloosa County,74.5
11/28/2020,12091,FL,Okaloosa County,74.5
11/27/2020,12091,FL,Okaloosa County,70.5
11/26/2020,12091,FL,Okaloosa County,63
11/25/2020,12091,FL,Okaloosa County,65
11/24/2020,12091,FL,Okaloosa County,65
11/23/2020,12091,FL,Okaloosa County,67
11/22/2020,12091,FL,Okaloosa County,67
12/22/2020,12093,FL,Okeechobee County,#DIV/0!
12/21/2020,12093,FL,Okeechobee County,58.85
12/20/2020,12093,FL,Okeechobee County,58.85
12/19/2020,12093,FL,Okeechobee County,58.85
12/18/2020,12093,FL,Okeechobee County,59.33
12/17/2020,12093,FL,Okeechobee County,59.33
12/16/2020,12093,FL,Okeechobee County,59.33
12/15/2020,12093,FL,Okeechobee County,59.33
12/14/2020,12093,FL,Okeechobee County,56.5
12/13/2020,12093,FL,Okeechobee County,49
12/12/2020,12093,FL,Okeechobee County,49
12/11/2020,12093,FL,Okeechobee County,44
12/10/2020,12093,FL,Okeechobee County,49
12/9/2020,12093,FL,Okeechobee County,47.75
12/8/2020,12093,FL,Okeechobee County,47.75
12/7/2020,12093,FL,Okeechobee County,55.75
12/6/2020,12093,FL,Okeechobee County,55.75
12/5/2020,12093,FL,Okeechobee County,47.75
12/4/2020,12093,FL,Okeechobee County,55.25
12/3/2020,12093,FL,Okeechobee County,47.75
12/2/2020,12093,FL,Okeechobee County,47.75
12/1/2020,12093,FL,Okeechobee County,47.75
11/30/2020,12093,FL,Okeechobee County,47.75
11/29/2020,12093,FL,Okeechobee County,47.75
11/28/2020,12093,FL,Okeechobee County,47.75
11/27/2020,12093,FL,Okeechobee County,59.25
11/26/2020,12093,FL,Okeechobee County,59.25
11/25/2020,12093,FL,Okeechobee County,63.25
11/24/2020,12093,FL,Okeechobee County,63.25
11/23/2020,12093,FL,Okeechobee County,63.25
11/22/2020,12093,FL,Okeechobee County,64.5
12/22/2020,12095,FL,Orange County,#DIV/0!
12/21/2020,12095,FL,Orange County,88.46
12/20/2020,12095,FL,Orange County,88.46
12/19/2020,12095,FL,Orange County,88.46
12/18/2020,12095,FL,Orange County,78
12/17/2020,12095,FL,Orange County,78
12/16/2020,12095,FL,Orange County,78
12/15/2020,12095,FL,Orange County,78
12/14/2020,12095,FL,Orange County,71
12/13/2020,12095,FL,Orange County,65
12/12/2020,12095,FL,Orange County,65
12/11/2020,12095,FL,Orange County,63
12/10/2020,12095,FL,Orange County,63
12/9/2020,12095,FL,Orange County,63
12/8/2020,12095,FL,Orange County,51.67
12/7/2020,12095,FL,Orange County,63
12/6/2020,12095,FL,Orange County,65
12/5/2020,12095,FL,Orange County,65
12/4/2020,12095,FL,Orange County,63
12/3/2020,12095,FL,Orange County,63
12/2/2020,12095,FL,Orange County,63
12/1/2020,12095,FL,Orange County,63
11/30/2020,12095,FL,Orange County,63
11/29/2020,12095,FL,Orange County,57
11/28/2020,12095,FL,Orange County,57
11/27/2020,12095,FL,Orange County,51.67
11/26/2020,12095,FL,Orange County,63
11/25/2020,12095,FL,Orange County,63
11/24/2020,12095,FL,Orange County,63
11/23/2020,12095,FL,Orange County,63
11/22/2020,12095,FL,Orange County,65
12/22/2020,12097,FL,Osceola County,#DIV/0!
12/21/2020,12097,FL,Osceola County,73.08
12/20/2020,12097,FL,Osceola County,73.08
12/19/2020,12097,FL,Osceola County,73.08
12/18/2020,12097,FL,Osceola County,64.67
12/17/2020,12097,FL,Osceola County,64.67
12/16/2020,12097,FL,Osceola County,64.67
12/15/2020,12097,FL,Osceola County,64.67
12/14/2020,12097,FL,Osceola County,78.5
12/13/2020,12097,FL,Osceola County,75
12/12/2020,12097,FL,Osceola County,73
12/11/2020,12097,FL,Osceola County,71
12/10/2020,12097,FL,Osceola County,71
12/9/2020,12097,FL,Osceola County,71
12/8/2020,12097,FL,Osceola County,71
12/7/2020,12097,FL,Osceola County,71
12/6/2020,12097,FL,Osceola County,73
12/5/2020,12097,FL,Osceola County,73
12/4/2020,12097,FL,Osceola County,70.5
12/3/2020,12097,FL,Osceola County,71
12/2/2020,12097,FL,Osceola County,70.5
12/1/2020,12097,FL,Osceola County,70.5
11/30/2020,12097,FL,Osceola County,63
11/29/2020,12097,FL,Osceola County,67
11/28/2020,12097,FL,Osceola County,65
11/27/2020,12097,FL,Osceola County,63
11/26/2020,12097,FL,Osceola County,63
11/25/2020,12097,FL,Osceola County,63
11/24/2020,12097,FL,Osceola County,63
11/23/2020,12097,FL,Osceola County,63
11/22/2020,12097,FL,Osceola County,65
12/22/2020,12099,FL,Palm Beach County,#DIV/0!
12/21/2020,12099,FL,Palm Beach County,76.15
12/20/2020,12099,FL,Palm Beach County,76.15
12/19/2020,12099,FL,Palm Beach County,76.15
12/18/2020,12099,FL,Palm Beach County,67.33
12/17/2020,12099,FL,Palm Beach County,67.33
12/16/2020,12099,FL,Palm Beach County,67.33
12/15/2020,12099,FL,Palm Beach County,67.33
12/14/2020,12099,FL,Palm Beach County,63
12/13/2020,12099,FL,Palm Beach County,65
12/12/2020,12099,FL,Palm Beach County,65
12/11/2020,12099,FL,Palm Beach County,63
12/10/2020,12099,FL,Palm Beach County,63
12/9/2020,12099,FL,Palm Beach County,63
12/8/2020,12099,FL,Palm Beach County,63
12/7/2020,12099,FL,Palm Beach County,63
12/6/2020,12099,FL,Palm Beach County,65
12/5/2020,12099,FL,Palm Beach County,65
12/4/2020,12099,FL,Palm Beach County,63
12/3/2020,12099,FL,Palm Beach County,63
12/2/2020,12099,FL,Palm Beach County,55
12/1/2020,12099,FL,Palm Beach County,55
11/30/2020,12099,FL,Palm Beach County,55
11/29/2020,12099,FL,Palm Beach County,57
11/28/2020,12099,FL,Palm Beach County,57
11/27/2020,12099,FL,Palm Beach County,51.67
11/26/2020,12099,FL,Palm Beach County,63
11/25/2020,12099,FL,Palm Beach County,63
11/24/2020,12099,FL,Palm Beach County,63
11/23/2020,12099,FL,Palm Beach County,63
11/22/2020,12099,FL,Palm Beach County,65
12/22/2020,12101,FL,Pasco County,#DIV/0!
12/21/2020,12101,FL,Pasco County,76.15
12/20/2020,12101,FL,Pasco County,76.15
12/19/2020,12101,FL,Pasco County,76.15
12/18/2020,12101,FL,Pasco County,67.33
12/17/2020,12101,FL,Pasco County,70
12/16/2020,12101,FL,Pasco County,67.33
12/15/2020,12101,FL,Pasco County,70
12/14/2020,12101,FL,Pasco County,65
12/13/2020,12101,FL,Pasco County,67
12/12/2020,12101,FL,Pasco County,67
12/11/2020,12101,FL,Pasco County,65
12/10/2020,12101,FL,Pasco County,65
12/9/2020,12101,FL,Pasco County,65
12/8/2020,12101,FL,Pasco County,65
12/7/2020,12101,FL,Pasco County,65
12/6/2020,12101,FL,Pasco County,67
12/5/2020,12101,FL,Pasco County,67
12/4/2020,12101,FL,Pasco County,63
12/3/2020,12101,FL,Pasco County,65
12/2/2020,12101,FL,Pasco County,65
12/1/2020,12101,FL,Pasco County,65
11/30/2020,12101,FL,Pasco County,65
11/29/2020,12101,FL,Pasco County,67
11/28/2020,12101,FL,Pasco County,65
11/27/2020,12101,FL,Pasco County,63
11/26/2020,12101,FL,Pasco County,63
11/25/2020,12101,FL,Pasco County,65
11/24/2020,12101,FL,Pasco County,65
11/23/2020,12101,FL,Pasco County,65
11/22/2020,12101,FL,Pasco County,67
12/22/2020,12103,FL,Pinellas County,#DIV/0!
12/21/2020,12103,FL,Pinellas County,76.15
12/20/2020,12103,FL,Pinellas County,76.15
12/19/2020,12103,FL,Pinellas County,76.15
12/18/2020,12103,FL,Pinellas County,67.33
12/17/2020,12103,FL,Pinellas County,70
12/16/2020,12103,FL,Pinellas County,67.33
12/15/2020,12103,FL,Pinellas County,70
12/14/2020,12103,FL,Pinellas County,65
12/13/2020,12103,FL,Pinellas County,67
12/12/2020,12103,FL,Pinellas County,67
12/11/2020,12103,FL,Pinellas County,63
12/10/2020,12103,FL,Pinellas County,63
12/9/2020,12103,FL,Pinellas County,63
12/8/2020,12103,FL,Pinellas County,63
12/7/2020,12103,FL,Pinellas County,63
12/6/2020,12103,FL,Pinellas County,67
12/5/2020,12103,FL,Pinellas County,67
12/4/2020,12103,FL,Pinellas County,63
12/3/2020,12103,FL,Pinellas County,55
12/2/2020,12103,FL,Pinellas County,55
12/1/2020,12103,FL,Pinellas County,55
11/30/2020,12103,FL,Pinellas County,55
11/29/2020,12103,FL,Pinellas County,59
11/28/2020,12103,FL,Pinellas County,57
11/27/2020,12103,FL,Pinellas County,51.67
11/26/2020,12103,FL,Pinellas County,63
11/25/2020,12103,FL,Pinellas County,65
11/24/2020,12103,FL,Pinellas County,63
11/23/2020,12103,FL,Pinellas County,65
11/22/2020,12103,FL,Pinellas County,67
12/22/2020,12105,FL,Polk County,#DIV/0!
12/21/2020,12105,FL,Polk County,76.15
12/20/2020,12105,FL,Polk County,76.15
12/19/2020,12105,FL,Polk County,76.15
12/18/2020,12105,FL,Polk County,70
12/17/2020,12105,FL,Polk County,70
12/16/2020,12105,FL,Polk County,70
12/15/2020,12105,FL,Polk County,70
12/14/2020,12105,FL,Polk County,65
12/13/2020,12105,FL,Polk County,67
12/12/2020,12105,FL,Polk County,67
12/11/2020,12105,FL,Polk County,65
12/10/2020,12105,FL,Polk County,65
12/9/2020,12105,FL,Polk County,65
12/8/2020,12105,FL,Polk County,65
12/7/2020,12105,FL,Polk County,65
12/6/2020,12105,FL,Polk County,67
12/5/2020,12105,FL,Polk County,67
12/4/2020,12105,FL,Polk County,65
12/3/2020,12105,FL,Polk County,65
12/2/2020,12105,FL,Polk County,57
12/1/2020,12105,FL,Polk County,57
11/30/2020,12105,FL,Polk County,57
11/29/2020,12105,FL,Polk County,59
11/28/2020,12105,FL,Polk County,57
11/27/2020,12105,FL,Polk County,55
11/26/2020,12105,FL,Polk County,55
11/25/2020,12105,FL,Polk County,57
11/24/2020,12105,FL,Polk County,57
11/23/2020,12105,FL,Polk County,57
11/22/2020,12105,FL,Polk County,59
12/22/2020,12107,FL,Putnam County,#DIV/0!
12/21/2020,12107,FL,Putnam County,88.46
12/20/2020,12107,FL,Putnam County,88.46
12/19/2020,12107,FL,Putnam County,88.46
12/18/2020,12107,FL,Putnam County,80.67
12/17/2020,12107,FL,Putnam County,80.67
12/16/2020,12107,FL,Putnam County,80.67
12/15/2020,12107,FL,Putnam County,80.67
12/14/2020,12107,FL,Putnam County,80.5
12/13/2020,12107,FL,Putnam County,75
12/12/2020,12107,FL,Putnam County,82.5
12/11/2020,12107,FL,Putnam County,80.5
12/10/2020,12107,FL,Putnam County,74.5
12/9/2020,12107,FL,Putnam County,72.5
12/8/2020,12107,FL,Putnam County,72.5
12/7/2020,12107,FL,Putnam County,67
12/6/2020,12107,FL,Putnam County,67
12/5/2020,12107,FL,Putnam County,74.5
12/4/2020,12107,FL,Putnam County,74.5
12/3/2020,12107,FL,Putnam County,67
12/2/2020,12107,FL,Putnam County,72.5
12/1/2020,12107,FL,Putnam County,66.5
11/30/2020,12107,FL,Putnam County,66.5
11/29/2020,12107,FL,Putnam County,59
11/28/2020,12107,FL,Putnam County,57
11/27/2020,12107,FL,Putnam County,55
11/26/2020,12107,FL,Putnam County,55
11/25/2020,12107,FL,Putnam County,59
11/24/2020,12107,FL,Putnam County,59
11/23/2020,12107,FL,Putnam County,59
11/22/2020,12107,FL,Putnam County,59
12/22/2020,12109,FL,St. Johns County,#DIV/0!
12/21/2020,12109,FL,St. Johns County,88.46
12/20/2020,12109,FL,St. Johns County,88.46
12/19/2020,12109,FL,St. Johns County,88.46
12/18/2020,12109,FL,St. Johns County,78
12/17/2020,12109,FL,St. Johns County,67.33
12/16/2020,12109,FL,St. Johns County,67.33
12/15/2020,12109,FL,St. Johns County,67.33
12/14/2020,12109,FL,St. Johns County,65
12/13/2020,12109,FL,St. Johns County,67
12/12/2020,12109,FL,St. Johns County,67
12/11/2020,12109,FL,St. Johns County,63
12/10/2020,12109,FL,St. Johns County,63
12/9/2020,12109,FL,St. Johns County,63
12/8/2020,12109,FL,St. Johns County,63
12/7/2020,12109,FL,St. Johns County,63
12/6/2020,12109,FL,St. Johns County,67
12/5/2020,12109,FL,St. Johns County,67
12/4/2020,12109,FL,St. Johns County,63
12/3/2020,12109,FL,St. Johns County,63
12/2/2020,12109,FL,St. Johns County,63
12/1/2020,12109,FL,St. Johns County,63
11/30/2020,12109,FL,St. Johns County,63
11/29/2020,12109,FL,St. Johns County,67
11/28/2020,12109,FL,St. Johns County,65
11/27/2020,12109,FL,St. Johns County,63
11/26/2020,12109,FL,St. Johns County,63
11/25/2020,12109,FL,St. Johns County,63
11/24/2020,12109,FL,St. Johns County,65
11/23/2020,12109,FL,St. Johns County,65
11/22/2020,12109,FL,St. Johns County,65
12/22/2020,12111,FL,St. Lucie County,#DIV/0!
12/21/2020,12111,FL,St. Lucie County,76.15
12/20/2020,12111,FL,St. Lucie County,76.15
12/19/2020,12111,FL,St. Lucie County,76.15
12/18/2020,12111,FL,St. Lucie County,70
12/17/2020,12111,FL,St. Lucie County,70
12/16/2020,12111,FL,St. Lucie County,70
12/15/2020,12111,FL,St. Lucie County,70
12/14/2020,12111,FL,St. Lucie County,65
12/13/2020,12111,FL,St. Lucie County,67
12/12/2020,12111,FL,St. Lucie County,65
12/11/2020,12111,FL,St. Lucie County,65
12/10/2020,12111,FL,St. Lucie County,65
12/9/2020,12111,FL,St. Lucie County,65
12/8/2020,12111,FL,St. Lucie County,65
12/7/2020,12111,FL,St. Lucie County,65
12/6/2020,12111,FL,St. Lucie County,67
12/5/2020,12111,FL,St. Lucie County,59
12/4/2020,12111,FL,St. Lucie County,57
12/3/2020,12111,FL,St. Lucie County,65
12/2/2020,12111,FL,St. Lucie County,57
12/1/2020,12111,FL,St. Lucie County,57
11/30/2020,12111,FL,St. Lucie County,57
11/29/2020,12111,FL,St. Lucie County,59
11/28/2020,12111,FL,St. Lucie County,57
11/27/2020,12111,FL,St. Lucie County,55
11/26/2020,12111,FL,St. Lucie County,55
11/25/2020,12111,FL,St. Lucie County,57
11/24/2020,12111,FL,St. Lucie County,57
11/23/2020,12111,FL,St. Lucie County,57
11/22/2020,12111,FL,St. Lucie County,59
12/22/2020,12113,FL,Santa Rosa County,#DIV/0!
12/21/2020,12113,FL,Santa Rosa County,88.46
12/20/2020,12113,FL,Santa Rosa County,88.46
12/19/2020,12113,FL,Santa Rosa County,88.46
12/18/2020,12113,FL,Santa Rosa County,80.67
12/17/2020,12113,FL,Santa Rosa County,80.67
12/16/2020,12113,FL,Santa Rosa County,80.67
12/15/2020,12113,FL,Santa Rosa County,80.67
12/14/2020,12113,FL,Santa Rosa County,83
12/13/2020,12113,FL,Santa Rosa County,82.5
12/12/2020,12113,FL,Santa Rosa County,82.5
12/11/2020,12113,FL,Santa Rosa County,80.5
12/10/2020,12113,FL,Santa Rosa County,80.5
12/9/2020,12113,FL,Santa Rosa County,72.5
12/8/2020,12113,FL,Santa Rosa County,80.5
12/7/2020,12113,FL,Santa Rosa County,80.5
12/6/2020,12113,FL,Santa Rosa County,74.5
12/5/2020,12113,FL,Santa Rosa County,74.5
12/4/2020,12113,FL,Santa Rosa County,72.5
12/3/2020,12113,FL,Santa Rosa County,72.5
12/2/2020,12113,FL,Santa Rosa County,72.5
12/1/2020,12113,FL,Santa Rosa County,72.5
11/30/2020,12113,FL,Santa Rosa County,72.5
11/29/2020,12113,FL,Santa Rosa County,74.5
11/28/2020,12113,FL,Santa Rosa County,72.5
11/27/2020,12113,FL,Santa Rosa County,70.5
11/26/2020,12113,FL,Santa Rosa County,63
11/25/2020,12113,FL,Santa Rosa County,65
11/24/2020,12113,FL,Santa Rosa County,65
11/23/2020,12113,FL,Santa Rosa County,65
11/22/2020,12113,FL,Santa Rosa County,67
12/22/2020,12115,FL,Sarasota County,#DIV/0!
12/21/2020,12115,FL,Sarasota County,60.77
12/20/2020,12115,FL,Sarasota County,60.77
12/19/2020,12115,FL,Sarasota County,60.77
12/18/2020,12115,FL,Sarasota County,56.67
12/17/2020,12115,FL,Sarasota County,56.67
12/16/2020,12115,FL,Sarasota County,56.67
12/15/2020,12115,FL,Sarasota County,56.67
12/14/2020,12115,FL,Sarasota County,55
12/13/2020,12115,FL,Sarasota County,57
12/12/2020,12115,FL,Sarasota County,57
12/11/2020,12115,FL,Sarasota County,55
12/10/2020,12115,FL,Sarasota County,55
12/9/2020,12115,FL,Sarasota County,55
12/8/2020,12115,FL,Sarasota County,55
12/7/2020,12115,FL,Sarasota County,55
12/6/2020,12115,FL,Sarasota County,57
12/5/2020,12115,FL,Sarasota County,57
12/4/2020,12115,FL,Sarasota County,55
12/3/2020,12115,FL,Sarasota County,55
12/2/2020,12115,FL,Sarasota County,55
12/1/2020,12115,FL,Sarasota County,55
11/30/2020,12115,FL,Sarasota County,55
11/29/2020,12115,FL,Sarasota County,57
11/28/2020,12115,FL,Sarasota County,65
11/27/2020,12115,FL,Sarasota County,63
11/26/2020,12115,FL,Sarasota County,63
11/25/2020,12115,FL,Sarasota County,65
11/24/2020,12115,FL,Sarasota County,67
11/23/2020,12115,FL,Sarasota County,67
11/22/2020,12115,FL,Sarasota County,67
12/22/2020,12117,FL,Seminole County,#DIV/0!
12/21/2020,12117,FL,Seminole County,60.77
12/20/2020,12117,FL,Seminole County,76.15
12/19/2020,12117,FL,Seminole County,76.15
12/18/2020,12117,FL,Seminole County,67.33
12/17/2020,12117,FL,Seminole County,67.33
12/16/2020,12117,FL,Seminole County,67.33
12/15/2020,12117,FL,Seminole County,67.33
12/14/2020,12117,FL,Seminole County,63
12/13/2020,12117,FL,Seminole County,67
12/12/2020,12117,FL,Seminole County,65
12/11/2020,12117,FL,Seminole County,63
12/10/2020,12117,FL,Seminole County,63
12/9/2020,12117,FL,Seminole County,63
12/8/2020,12117,FL,Seminole County,51.67
12/7/2020,12117,FL,Seminole County,63
12/6/2020,12117,FL,Seminole County,57
12/5/2020,12117,FL,Seminole County,57
12/4/2020,12117,FL,Seminole County,55
12/3/2020,12117,FL,Seminole County,55
12/2/2020,12117,FL,Seminole County,55
12/1/2020,12117,FL,Seminole County,55
11/30/2020,12117,FL,Seminole County,55
11/29/2020,12117,FL,Seminole County,57
11/28/2020,12117,FL,Seminole County,57
11/27/2020,12117,FL,Seminole County,51.67
11/26/2020,12117,FL,Seminole County,55
11/25/2020,12117,FL,Seminole County,55
11/24/2020,12117,FL,Seminole County,55
11/23/2020,12117,FL,Seminole County,55
11/22/2020,12117,FL,Seminole County,57
12/22/2020,12119,FL,Sumter County,#DIV/0!
12/21/2020,12119,FL,Sumter County,76.15
12/20/2020,12119,FL,Sumter County,76.15
12/19/2020,12119,FL,Sumter County,76.15
12/18/2020,12119,FL,Sumter County,70
12/17/2020,12119,FL,Sumter County,72.67
12/16/2020,12119,FL,Sumter County,70
12/15/2020,12119,FL,Sumter County,72.67
12/14/2020,12119,FL,Sumter County,67
12/13/2020,12119,FL,Sumter County,67
12/12/2020,12119,FL,Sumter County,67
12/11/2020,12119,FL,Sumter County,65
12/10/2020,12119,FL,Sumter County,67
12/9/2020,12119,FL,Sumter County,65
12/8/2020,12119,FL,Sumter County,65
12/7/2020,12119,FL,Sumter County,65
12/6/2020,12119,FL,Sumter County,67
12/5/2020,12119,FL,Sumter County,67
12/4/2020,12119,FL,Sumter County,65
12/3/2020,12119,FL,Sumter County,67
12/2/2020,12119,FL,Sumter County,57
12/1/2020,12119,FL,Sumter County,57
11/30/2020,12119,FL,Sumter County,57
11/29/2020,12119,FL,Sumter County,59
11/28/2020,12119,FL,Sumter County,57
11/27/2020,12119,FL,Sumter County,55
11/26/2020,12119,FL,Sumter County,50
11/25/2020,12119,FL,Sumter County,54
11/24/2020,12119,FL,Sumter County,54
11/23/2020,12119,FL,Sumter County,54
11/22/2020,12119,FL,Sumter County,54
12/22/2020,12121,FL,Suwannee County,#DIV/0!
12/21/2020,12121,FL,Suwannee County,88.46
12/20/2020,12121,FL,Suwannee County,76.15
12/19/2020,12121,FL,Suwannee County,76.15
12/18/2020,12121,FL,Suwannee County,72.67
12/17/2020,12121,FL,Suwannee County,72.67
12/16/2020,12121,FL,Suwannee County,70
12/15/2020,12121,FL,Suwannee County,72.67
12/14/2020,12121,FL,Suwannee County,67
12/13/2020,12121,FL,Suwannee County,67
12/12/2020,12121,FL,Suwannee County,67
12/11/2020,12121,FL,Suwannee County,67
12/10/2020,12121,FL,Suwannee County,74.5
12/9/2020,12121,FL,Suwannee County,74.5
12/8/2020,12121,FL,Suwannee County,74.5
12/7/2020,12121,FL,Suwannee County,74.5
12/6/2020,12121,FL,Suwannee County,67
12/5/2020,12121,FL,Suwannee County,74.5
12/4/2020,12121,FL,Suwannee County,74.5
12/3/2020,12121,FL,Suwannee County,74.5
12/2/2020,12121,FL,Suwannee County,67
12/1/2020,12121,FL,Suwannee County,59
11/30/2020,12121,FL,Suwannee County,59
11/29/2020,12121,FL,Suwannee County,59
11/28/2020,12121,FL,Suwannee County,57
11/27/2020,12121,FL,Suwannee County,55
11/26/2020,12121,FL,Suwannee County,55
11/25/2020,12121,FL,Suwannee County,67
11/24/2020,12121,FL,Suwannee County,67
11/23/2020,12121,FL,Suwannee County,65
11/22/2020,12121,FL,Suwannee County,67
12/22/2020,12123,FL,Taylor County,#DIV/0!
12/21/2020,12123,FL,Taylor County,58.85
12/20/2020,12123,FL,Taylor County,58.85
12/19/2020,12123,FL,Taylor County,58.85
12/18/2020,12123,FL,Taylor County,58.85
12/17/2020,12123,FL,Taylor County,58.85
12/16/2020,12123,FL,Taylor County,58.85
12/15/2020,12123,FL,Taylor County,60.77
12/14/2020,12123,FL,Taylor County,57.78
12/13/2020,12123,FL,Taylor County,57.78
12/12/2020,12123,FL,Taylor County,57.78
12/11/2020,12123,FL,Taylor County,66.11
12/10/2020,12123,FL,Taylor County,66.11
12/9/2020,12123,FL,Taylor County,66.11
12/8/2020,12123,FL,Taylor County,66.11
12/7/2020,12123,FL,Taylor County,66.11
12/6/2020,12123,FL,Taylor County,57.78
12/5/2020,12123,FL,Taylor County,57.78
12/4/2020,12123,FL,Taylor County,66.11
12/3/2020,12123,FL,Taylor County,57.78
12/2/2020,12123,FL,Taylor County,48.89
12/1/2020,12123,FL,Taylor County,48.89
11/30/2020,12123,FL,Taylor County,48.89
11/29/2020,12123,FL,Taylor County,47.5
11/28/2020,12123,FL,Taylor County,47.5
11/27/2020,12123,FL,Taylor County,47.5
11/26/2020,12123,FL,Taylor County,47.5
11/25/2020,12123,FL,Taylor County,56.39
11/24/2020,12123,FL,Taylor County,56.39
11/23/2020,12123,FL,Taylor County,56.39
11/22/2020,12123,FL,Taylor County,56.39
12/22/2020,12125,FL,Union County,#DIV/0!
12/21/2020,12125,FL,Union County,71.15
12/20/2020,12125,FL,Union County,71.15
12/19/2020,12125,FL,Union County,73.08
12/18/2020,12125,FL,Union County,60.77
12/17/2020,12125,FL,Union County,73.08
12/16/2020,12125,FL,Union County,73.08
12/15/2020,12125,FL,Union County,73.08
12/14/2020,12125,FL,Union County,57.78
12/13/2020,12125,FL,Union County,66.11
12/12/2020,12125,FL,Union County,77.22
12/11/2020,12125,FL,Union County,77.22
12/10/2020,12125,FL,Union County,77.22
12/9/2020,12125,FL,Union County,77.22
12/8/2020,12125,FL,Union County,77.22
12/7/2020,12125,FL,Union County,77.22
12/6/2020,12125,FL,Union County,68.89
12/5/2020,12125,FL,Union County,68.89
12/4/2020,12125,FL,Union County,60
12/3/2020,12125,FL,Union County,68.89
12/2/2020,12125,FL,Union County,54.44
12/1/2020,12125,FL,Union County,60
11/30/2020,12125,FL,Union County,60
11/29/2020,12125,FL,Union County,60
11/28/2020,12125,FL,Union County,60
11/27/2020,12125,FL,Union County,68.33
11/26/2020,12125,FL,Union County,57.22
11/25/2020,12125,FL,Union County,57.22
11/24/2020,12125,FL,Union County,57.22
11/23/2020,12125,FL,Union County,57.22
11/22/2020,12125,FL,Union County,48.89
12/22/2020,12127,FL,Volusia County,#DIV/0!
12/21/2020,12127,FL,Volusia County,76.15
12/20/2020,12127,FL,Volusia County,76.15
12/19/2020,12127,FL,Volusia County,76.15
12/18/2020,12127,FL,Volusia County,70
12/17/2020,12127,FL,Volusia County,70
12/16/2020,12127,FL,Volusia County,70
12/15/2020,12127,FL,Volusia County,70
12/14/2020,12127,FL,Volusia County,65
12/13/2020,12127,FL,Volusia County,67
12/12/2020,12127,FL,Volusia County,67
12/11/2020,12127,FL,Volusia County,65
12/10/2020,12127,FL,Volusia County,65
12/9/2020,12127,FL,Volusia County,65
12/8/2020,12127,FL,Volusia County,65
12/7/2020,12127,FL,Volusia County,65
12/6/2020,12127,FL,Volusia County,62
12/5/2020,12127,FL,Volusia County,67
12/4/2020,12127,FL,Volusia County,57
12/3/2020,12127,FL,Volusia County,57
12/2/2020,12127,FL,Volusia County,57
12/1/2020,12127,FL,Volusia County,52
11/30/2020,12127,FL,Volusia County,52
11/29/2020,12127,FL,Volusia County,54
11/28/2020,12127,FL,Volusia County,54
11/27/2020,12127,FL,Volusia County,43.33
11/26/2020,12127,FL,Volusia County,50
11/25/2020,12127,FL,Volusia County,60
11/24/2020,12127,FL,Volusia County,52
11/23/2020,12127,FL,Volusia County,52
11/22/2020,12127,FL,Volusia County,52
12/21/2020,12129,FL,Wakulla County,58.85
12/20/2020,12129,FL,Wakulla County,58.85
12/19/2020,12129,FL,Wakulla County,58.85
12/18/2020,12129,FL,Wakulla County,20.71
12/17/2020,12129,FL,Wakulla County,55
12/16/2020,12129,FL,Wakulla County,52.33
12/15/2020,12129,FL,Wakulla County,55
12/14/2020,12129,FL,Wakulla County,46.75
12/13/2020,12129,FL,Wakulla County,50.83
12/12/2020,12129,FL,Wakulla County,56.39
12/11/2020,12129,FL,Wakulla County,53.75
12/10/2020,12129,FL,Wakulla County,51.75
12/9/2020,12129,FL,Wakulla County,53.75
12/8/2020,12129,FL,Wakulla County,53.75
12/7/2020,12129,FL,Wakulla County,55
12/6/2020,12129,FL,Wakulla County,57.78
12/5/2020,12129,FL,Wakulla County,57.78
12/4/2020,12129,FL,Wakulla County,53
12/3/2020,12129,FL,Wakulla County,55
12/2/2020,12129,FL,Wakulla County,55
12/1/2020,12129,FL,Wakulla County,55
11/30/2020,12129,FL,Wakulla County,55
11/29/2020,12129,FL,Wakulla County,57.78
11/28/2020,12129,FL,Wakulla County,48.89
11/27/2020,12129,FL,Wakulla County,45
11/26/2020,12129,FL,Wakulla County,48
11/25/2020,12129,FL,Wakulla County,53
11/24/2020,12129,FL,Wakulla County,53
11/23/2020,12129,FL,Wakulla County,53
11/22/2020,12129,FL,Wakulla County,57.78
12/22/2020,12131,FL,Walton County,#DIV/0!
12/21/2020,12131,FL,Walton County,60.77
12/20/2020,12131,FL,Walton County,73.08
12/19/2020,12131,FL,Walton County,73.08
12/18/2020,12131,FL,Walton County,70
12/17/2020,12131,FL,Walton County,70
12/16/2020,12131,FL,Walton County,83.33
12/15/2020,12131,FL,Walton County,83.33
12/14/2020,12131,FL,Walton County,87.5
12/13/2020,12131,FL,Walton County,82.5
12/12/2020,12131,FL,Walton County,67
12/11/2020,12131,FL,Walton County,67
12/10/2020,12131,FL,Walton County,67
12/9/2020,12131,FL,Walton County,67
12/8/2020,12131,FL,Walton County,74.5
12/7/2020,12131,FL,Walton County,67
12/6/2020,12131,FL,Walton County,67
12/5/2020,12131,FL,Walton County,74.5
12/4/2020,12131,FL,Walton County,74.5
12/3/2020,12131,FL,Walton County,67
12/2/2020,12131,FL,Walton County,67
12/1/2020,12131,FL,Walton County,67
11/30/2020,12131,FL,Walton County,67
11/29/2020,12131,FL,Walton County,57
11/28/2020,12131,FL,Walton County,57
11/27/2020,12131,FL,Walton County,53
11/26/2020,12131,FL,Walton County,53
11/25/2020,12131,FL,Walton County,57
11/24/2020,12131,FL,Walton County,57
11/23/2020,12131,FL,Walton County,57
11/22/2020,12131,FL,Walton County,57
12/22/2020,12133,FL,Washington County,#DIV/0!
12/21/2020,12133,FL,Washington County,88.46
12/20/2020,12133,FL,Washington County,88.46
12/19/2020,12133,FL,Washington County,88.46
12/18/2020,12133,FL,Washington County,80.67
12/17/2020,12133,FL,Washington County,83.33
12/16/2020,12133,FL,Washington County,80.67
12/15/2020,12133,FL,Washington County,70
12/14/2020,12133,FL,Washington County,65
12/13/2020,12133,FL,Washington County,68.89
12/12/2020,12133,FL,Washington County,68.89
12/11/2020,12133,FL,Washington County,65
12/10/2020,12133,FL,Washington County,67
12/9/2020,12133,FL,Washington County,65
12/8/2020,12133,FL,Washington County,65
12/7/2020,12133,FL,Washington County,55
12/6/2020,12133,FL,Washington County,57.78
12/5/2020,12133,FL,Washington County,66.11
12/4/2020,12133,FL,Washington County,67
12/3/2020,12133,FL,Washington County,67
12/2/2020,12133,FL,Washington County,66.25
12/1/2020,12133,FL,Washington County,66.25
11/30/2020,12133,FL,Washington County,66.25
11/29/2020,12133,FL,Washington County,70.28
11/28/2020,12133,FL,Washington County,67.5
11/27/2020,12133,FL,Washington County,59.25
11/26/2020,12133,FL,Washington County,59.25
11/25/2020,12133,FL,Washington County,61.25
11/24/2020,12133,FL,Washington County,61.25
11/23/2020,12133,FL,Washington County,61.25
11/22/2020,12133,FL,Washington County,64.72
